/*
 Navicat Premium Data Transfer

 Source Server         : MySQL
 Source Server Type    : MySQL
 Source Server Version : 50713
 Source Host           : localhost:3306
 Source Schema         : wyw_edu

 Target Server Type    : MySQL
 Target Server Version : 50713
 File Encoding         : 65001

 Date: 16/01/2021 13:57:27
*/

SET NAMES utf8mb4;
SET FOREIGN_KEY_CHECKS = 0;

-- ----------------------------
-- Table structure for acl_permission
-- ----------------------------
DROP TABLE IF EXISTS `acl_permission`;
CREATE TABLE `acl_permission`  (
  `id` char(19) CHARACTER SET utf8mb4 COLLATE utf8mb4_general_ci NOT NULL DEFAULT '' COMMENT '编号',
  `pid` char(19) CHARACTER SET utf8mb4 COLLATE utf8mb4_general_ci NOT NULL DEFAULT '' COMMENT '所属上级',
  `name` varchar(20) CHARACTER SET utf8mb4 COLLATE utf8mb4_general_ci NOT NULL DEFAULT '' COMMENT '名称',
  `type` tinyint(3) NOT NULL DEFAULT 0 COMMENT '类型(1:菜单,2:按钮)',
  `permission_value` varchar(50) CHARACTER SET utf8mb4 COLLATE utf8mb4_general_ci NULL DEFAULT NULL COMMENT '权限值',
  `path` varchar(100) CHARACTER SET utf8mb4 COLLATE utf8mb4_general_ci NULL DEFAULT NULL COMMENT '访问路径',
  `component` varchar(100) CHARACTER SET utf8mb4 COLLATE utf8mb4_general_ci NULL DEFAULT NULL COMMENT '组件路径',
  `icon` varchar(50) CHARACTER SET utf8mb4 COLLATE utf8mb4_general_ci NULL DEFAULT NULL COMMENT '图标',
  `status` tinyint(4) NULL DEFAULT NULL COMMENT '状态(0:禁止,1:正常)',
  `is_deleted` tinyint(1) UNSIGNED NOT NULL DEFAULT 0 COMMENT '逻辑删除 1（true）已删除， 0（false）未删除',
  `gmt_create` datetime(0) NULL DEFAULT NULL COMMENT '创建时间',
  `gmt_modified` datetime(0) NULL DEFAULT NULL COMMENT '更新时间',
  PRIMARY KEY (`id`) USING BTREE,
  INDEX `idx_pid`(`pid`) USING BTREE
) ENGINE = InnoDB CHARACTER SET = utf8mb4 COLLATE = utf8mb4_general_ci COMMENT = '权限' ROW_FORMAT = DYNAMIC;

-- ----------------------------
-- Records of acl_permission
-- ----------------------------
INSERT INTO `acl_permission` VALUES ('1', '0', '全部数据', 0, NULL, NULL, NULL, NULL, NULL, 0, '2019-11-15 17:13:06', '2019-11-15 17:13:06');
INSERT INTO `acl_permission` VALUES ('1195268474480156673', '1', '权限管理', 1, NULL, '/acl', 'Layout', NULL, NULL, 0, '2019-11-15 17:13:06', '2019-11-18 13:54:25');
INSERT INTO `acl_permission` VALUES ('1195268616021139457', '1195268474480156673', '用户管理', 1, NULL, 'user/list', '/acl/user/list', NULL, NULL, 0, '2019-11-15 17:13:40', '2019-11-18 13:53:12');
INSERT INTO `acl_permission` VALUES ('1195268788138598401', '1195268474480156673', '角色管理', 1, NULL, 'role/list', '/acl/role/list', NULL, NULL, 0, '2019-11-15 17:14:21', '2019-11-15 17:14:21');
INSERT INTO `acl_permission` VALUES ('1195268893830864898', '1195268474480156673', '菜单管理', 1, NULL, 'menu/list', '/acl/menu/list', NULL, NULL, 0, '2019-11-15 17:14:46', '2019-11-15 17:14:46');
INSERT INTO `acl_permission` VALUES ('1195269143060602882', '1195268616021139457', '查看', 2, 'user.list', '', '', NULL, NULL, 0, '2019-11-15 17:15:45', '2019-11-17 21:57:16');
INSERT INTO `acl_permission` VALUES ('1195269295926206466', '1195268616021139457', '添加', 2, 'user.add', 'user/add', '/acl/user/form', NULL, NULL, 0, '2019-11-15 17:16:22', '2019-11-15 17:16:22');
INSERT INTO `acl_permission` VALUES ('1195269473479483394', '1195268616021139457', '修改', 2, 'user.update', 'user/update/:id', '/acl/user/form', NULL, NULL, 0, '2019-11-15 17:17:04', '2019-11-15 17:17:04');
INSERT INTO `acl_permission` VALUES ('1195269547269873666', '1195268616021139457', '删除', 2, 'user.remove', '', '', NULL, NULL, 0, '2019-11-15 17:17:22', '2019-11-15 17:17:22');
INSERT INTO `acl_permission` VALUES ('1195269821262782465', '1195268788138598401', '修改', 2, 'role.update', 'role/update/:id', '/acl/role/form', NULL, NULL, 0, '2019-11-15 17:18:27', '2019-11-15 17:19:53');
INSERT INTO `acl_permission` VALUES ('1195269903542444034', '1195268788138598401', '查看', 2, 'role.list', '', '', NULL, NULL, 0, '2019-11-15 17:18:47', '2019-11-15 17:18:47');
INSERT INTO `acl_permission` VALUES ('1195270037005197313', '1195268788138598401', '添加', 2, 'role.add', 'role/add', '/acl/role/form', NULL, NULL, 0, '2019-11-15 17:19:19', '2019-11-18 11:05:42');
INSERT INTO `acl_permission` VALUES ('1195270442602782721', '1195268788138598401', '删除', 2, 'role.remove', '', '', NULL, NULL, 0, '2019-11-15 17:20:55', '2019-11-15 17:20:55');
INSERT INTO `acl_permission` VALUES ('1195270621548568578', '1195268788138598401', '角色权限', 2, 'role.acl', 'role/distribution/:id', '/acl/role/roleForm', NULL, NULL, 0, '2019-11-15 17:21:38', '2019-11-15 17:21:38');
INSERT INTO `acl_permission` VALUES ('1195270744097742849', '1195268893830864898', '查看', 2, 'permission.list', '', '', NULL, NULL, 0, '2019-11-15 17:22:07', '2019-11-15 17:22:07');
INSERT INTO `acl_permission` VALUES ('1195270810560684034', '1195268893830864898', '添加', 2, 'permission.add', '', '', NULL, NULL, 0, '2019-11-15 17:22:23', '2019-11-15 17:22:23');
INSERT INTO `acl_permission` VALUES ('1195270862100291586', '1195268893830864898', '修改', 2, 'permission.update', '', '', NULL, NULL, 0, '2019-11-15 17:22:35', '2019-11-15 17:22:35');
INSERT INTO `acl_permission` VALUES ('1195270887933009922', '1195268893830864898', '删除', 2, 'permission.remove', '', '', NULL, NULL, 0, '2019-11-15 17:22:41', '2019-11-15 17:22:41');
INSERT INTO `acl_permission` VALUES ('1195349439240048642', '1', '讲师管理', 1, NULL, '/teacher', 'Layout', NULL, NULL, 0, '2019-11-15 22:34:49', '2019-11-15 22:34:49');
INSERT INTO `acl_permission` VALUES ('1195349699995734017', '1195349439240048642', '讲师列表', 1, NULL, 'table', '/edu/teacher/list', NULL, NULL, 0, '2019-11-15 22:35:52', '2019-11-15 22:35:52');
INSERT INTO `acl_permission` VALUES ('1195349810561781761', '1195349439240048642', '添加讲师', 1, NULL, 'save', '/edu/teacher/save', NULL, NULL, 0, '2019-11-15 22:36:18', '2019-11-15 22:36:18');
INSERT INTO `acl_permission` VALUES ('1195349876252971010', '1195349810561781761', '添加', 2, 'teacher.add', '', '', NULL, NULL, 0, '2019-11-15 22:36:34', '2019-11-15 22:36:34');
INSERT INTO `acl_permission` VALUES ('1195349979797753857', '1195349699995734017', '查看', 2, 'teacher.list', '', '', NULL, NULL, 0, '2019-11-15 22:36:58', '2019-11-15 22:36:58');
INSERT INTO `acl_permission` VALUES ('1195350117270261762', '1195349699995734017', '修改', 2, 'teacher.update', 'edit/:id', '/edu/teacher/save', NULL, NULL, 0, '2019-11-15 22:37:31', '2020-12-28 16:06:50');
INSERT INTO `acl_permission` VALUES ('1195350188359520258', '1195349699995734017', '删除', 2, 'teacher.remove', '', '', NULL, NULL, 0, '2019-11-15 22:37:48', '2019-11-15 22:37:48');
INSERT INTO `acl_permission` VALUES ('1195350299365969922', '1', '课程分类', 1, NULL, '/subject', 'Layout', NULL, NULL, 0, '2019-11-15 22:38:15', '2019-11-15 22:38:15');
INSERT INTO `acl_permission` VALUES ('1195350397751758850', '1195350299365969922', '课程分类列表', 1, NULL, 'list', '/edu/subject/list', NULL, NULL, 0, '2019-11-15 22:38:38', '2019-11-15 22:38:38');
INSERT INTO `acl_permission` VALUES ('1195350500512206850', '1195350299365969922', '导入课程分类', 1, NULL, 'save', '/edu/subject/save', NULL, NULL, 0, '2019-11-15 22:39:03', '2019-11-15 22:39:03');
INSERT INTO `acl_permission` VALUES ('1195350612172967938', '1195350397751758850', '查看', 2, 'subject.list', '', '', NULL, NULL, 0, '2019-11-15 22:39:29', '2019-11-15 22:39:29');
INSERT INTO `acl_permission` VALUES ('1195350687590748161', '1195350500512206850', '导入', 2, 'subject.import', '', '', NULL, NULL, 0, '2019-11-15 22:39:47', '2019-11-15 22:39:47');
INSERT INTO `acl_permission` VALUES ('1195350831744782337', '1', '课程管理', 1, NULL, '/course', 'Layout', NULL, NULL, 0, '2019-11-15 22:40:21', '2019-11-15 22:40:21');
INSERT INTO `acl_permission` VALUES ('1195350919074385921', '1195350831744782337', '课程列表', 1, NULL, 'list', '/edu/course/list', NULL, NULL, 0, '2019-11-15 22:40:42', '2019-11-15 22:40:42');
INSERT INTO `acl_permission` VALUES ('1195351020463296513', '1195350831744782337', '发布课程', 1, NULL, 'info', '/edu/course/info', NULL, NULL, 0, '2019-11-15 22:41:06', '2019-11-15 22:41:06');
INSERT INTO `acl_permission` VALUES ('1195351159672246274', '1195350919074385921', '完成发布', 2, 'course.publish', 'publish/:id', '/edu/course/publish', NULL, NULL, 0, '2019-11-15 22:41:40', '2019-11-15 22:44:01');
INSERT INTO `acl_permission` VALUES ('1195351326706208770', '1195350919074385921', '编辑课程', 2, 'course.update', 'info/:id', '/edu/course/info', NULL, NULL, 0, '2019-11-15 22:42:19', '2019-11-15 22:42:19');
INSERT INTO `acl_permission` VALUES ('1195351566221938690', '1195350919074385921', '编辑课程大纲', 2, 'chapter.update', 'chapter/:id', '/edu/course/chapter', NULL, NULL, 0, '2019-11-15 22:43:17', '2019-11-15 22:43:17');
INSERT INTO `acl_permission` VALUES ('1195351862889254913', '1', '统计分析', 1, NULL, '/sta', 'Layout', NULL, NULL, 0, '2019-11-15 22:44:27', '2020-10-11 17:35:21');
INSERT INTO `acl_permission` VALUES ('1195352054917074946', '1195351862889254913', '统计图表', 1, NULL, 'show', '/sta/show', NULL, NULL, 0, '2019-11-15 22:45:13', '2019-11-15 22:45:13');
INSERT INTO `acl_permission` VALUES ('1195352127734386690', '1195352054917074946', '查看', 2, 'daily.list', '', '', NULL, NULL, 0, '2019-11-15 22:45:30', '2019-11-15 22:45:30');
INSERT INTO `acl_permission` VALUES ('1195352547621965825', '1', 'Banner管理', 1, NULL, '/cms', 'Layout', NULL, NULL, 0, '2019-11-15 22:47:11', '2021-01-05 20:35:24');
INSERT INTO `acl_permission` VALUES ('1195352856645701633', '1195353513549205505', '查看', 2, 'cms.list', '', NULL, NULL, NULL, 0, '2019-11-15 22:48:24', '2020-10-27 23:30:29');
INSERT INTO `acl_permission` VALUES ('1195353051395624961', '1195353513549205505', '修改', 2, 'banner.update', 'edit/:id', '/cms/save', NULL, NULL, 0, '2019-11-15 22:49:11', '2020-10-28 08:47:15');
INSERT INTO `acl_permission` VALUES ('1195353513549205505', '1195352547621965825', '列表Banner', 1, NULL, 'table', '/cms/list', NULL, NULL, 0, '2019-11-15 22:51:01', '2021-01-05 20:35:54');
INSERT INTO `acl_permission` VALUES ('1195353672110673921', '1195353513549205505', '删除', 2, 'banner.remove', '', '', NULL, NULL, 0, '2019-11-15 22:51:39', '2019-11-15 22:51:39');
INSERT INTO `acl_permission` VALUES ('1195354076890370050', '1', '订单管理', 1, NULL, '/order', 'Layout', NULL, NULL, 0, '2019-11-15 22:53:15', '2020-12-28 08:51:55');
INSERT INTO `acl_permission` VALUES ('1195354153482555393', '1195354076890370050', '订单列表', 1, NULL, 'list', '/order/list', NULL, NULL, 0, '2019-11-15 22:53:33', '2020-12-28 08:52:09');
INSERT INTO `acl_permission` VALUES ('1195354315093282817', '1195354153482555393', '查看', 2, 'order.list', '', '', NULL, NULL, 0, '2019-11-15 22:54:12', '2019-11-15 22:54:12');
INSERT INTO `acl_permission` VALUES ('1196301740985311234', '1195268616021139457', '分配角色', 2, 'user.assgin', 'user/role/:id', '/acl/user/roleForm', NULL, NULL, 0, '2019-11-18 13:38:56', '2019-11-18 13:38:56');
INSERT INTO `acl_permission` VALUES ('1321247674285129730', '1195352547621965825', '添加Banner', 1, NULL, 'save', '/cms/save', NULL, NULL, 0, '2020-10-28 08:29:28', '2021-01-05 20:35:41');
INSERT INTO `acl_permission` VALUES ('1321248005077303297', '1321247674285129730', '添加', 2, 'cms.add', '', '', NULL, NULL, 0, '2020-10-28 08:30:47', '2020-10-28 08:30:47');
INSERT INTO `acl_permission` VALUES ('1342708141201268741', '1', '题库管理', 1, NULL, '/answer', 'Layout', NULL, NULL, 0, '2020-12-26 13:45:42', '2020-12-28 13:40:34');
INSERT INTO `acl_permission` VALUES ('1343356930404491265', '1342708141201268741', '题目列表', 1, NULL, 'table', '/exam/answer/selectAnswer', NULL, NULL, 0, '2020-12-28 08:43:45', '2021-01-06 10:57:36');
INSERT INTO `acl_permission` VALUES ('1343357156406173698', '1343356930404491265', '查看', 2, 'answer.table', '', '', NULL, NULL, 0, '2020-12-28 08:44:39', '2020-12-28 14:23:10');
INSERT INTO `acl_permission` VALUES ('1343391393633095681', '1342708141201268741', '习题创编', 1, NULL, 'list', '/exam/answer/addAnswer', NULL, NULL, 0, '2020-12-28 11:00:42', '2021-01-06 10:57:27');
INSERT INTO `acl_permission` VALUES ('1343391678849961986', '1343391393633095681', '查询', 2, 'answer.list', '', '', NULL, NULL, 0, '2020-12-28 11:01:50', '2020-12-28 14:13:10');
INSERT INTO `acl_permission` VALUES ('1343431461915676674', '1', '考试管理', 1, NULL, '/exam', 'Layout', NULL, NULL, 0, '2020-12-28 13:39:55', '2020-12-28 13:39:55');
INSERT INTO `acl_permission` VALUES ('1343431871174889474', '1343431461915676674', '考试列表', 1, NULL, 'list', '/exam/exam/selectExam', NULL, NULL, 0, '2020-12-28 13:41:33', '2020-12-28 13:42:38');
INSERT INTO `acl_permission` VALUES ('1343432231939559426', '1343431871174889474', '查看', 2, 'exam.list', '', '', NULL, NULL, 0, '2020-12-28 13:42:59', '2020-12-28 13:42:59');
INSERT INTO `acl_permission` VALUES ('1343432444121010178', '1343431461915676674', '添加考试', 1, NULL, 'save', '/exam/exam/addExam', NULL, NULL, 0, '2020-12-28 13:43:49', '2020-12-28 13:44:25');
INSERT INTO `acl_permission` VALUES ('1343432684827922433', '1343432444121010178', '添加', 2, 'exam.save', '', '', NULL, NULL, 0, '2020-12-28 13:44:46', '2020-12-28 13:44:46');
INSERT INTO `acl_permission` VALUES ('1343439511963652097', '1343391393633095681', '添加题目', 2, 'answer.update', 'edit/:paperId/:source', '/exam/answer/addAnswerChildren', NULL, NULL, 0, '2020-12-28 14:11:54', '2020-12-29 13:12:58');

-- ----------------------------
-- Table structure for acl_role
-- ----------------------------
DROP TABLE IF EXISTS `acl_role`;
CREATE TABLE `acl_role`  (
  `id` char(19) CHARACTER SET utf8 COLLATE utf8_general_ci NOT NULL DEFAULT '' COMMENT '角色id',
  `role_name` varchar(20) CHARACTER SET utf8 COLLATE utf8_general_ci NOT NULL DEFAULT '' COMMENT '角色名称',
  `role_code` varchar(20) CHARACTER SET utf8 COLLATE utf8_general_ci NULL DEFAULT NULL COMMENT '角色编码',
  `remark` varchar(255) CHARACTER SET utf8 COLLATE utf8_general_ci NULL DEFAULT NULL COMMENT '备注',
  `is_deleted` tinyint(1) UNSIGNED NOT NULL DEFAULT 0 COMMENT '逻辑删除 1（true）已删除， 0（false）未删除',
  `gmt_create` datetime(0) NOT NULL COMMENT '创建时间',
  `gmt_modified` datetime(0) NOT NULL COMMENT '更新时间',
  PRIMARY KEY (`id`) USING BTREE
) ENGINE = InnoDB CHARACTER SET = utf8 COLLATE = utf8_general_ci ROW_FORMAT = DYNAMIC;

-- ----------------------------
-- Records of acl_role
-- ----------------------------
INSERT INTO `acl_role` VALUES ('1', '普通管理员', NULL, NULL, 0, '2019-11-11 13:09:32', '2020-12-07 15:45:56');
INSERT INTO `acl_role` VALUES ('1317405981215535106', '角色One', NULL, NULL, 0, '2020-10-17 18:03:57', '2021-01-03 16:27:57');
INSERT INTO `acl_role` VALUES ('1320740134564634625', '课程管理员', NULL, NULL, 0, '2020-10-26 22:52:41', '2021-01-06 20:39:13');
INSERT INTO `acl_role` VALUES ('1348434405316698114', '测试', NULL, NULL, 0, '2021-01-11 08:59:50', '2021-01-11 09:00:07');
INSERT INTO `acl_role` VALUES ('1348466543768449025', '考试', NULL, NULL, 0, '2021-01-11 11:07:32', '2021-01-11 11:07:32');

-- ----------------------------
-- Table structure for acl_role_permission
-- ----------------------------
DROP TABLE IF EXISTS `acl_role_permission`;
CREATE TABLE `acl_role_permission`  (
  `id` char(19) CHARACTER SET utf8 COLLATE utf8_general_ci NOT NULL DEFAULT '',
  `role_id` char(19) CHARACTER SET utf8 COLLATE utf8_general_ci NOT NULL DEFAULT '',
  `permission_id` char(19) CHARACTER SET utf8 COLLATE utf8_general_ci NOT NULL DEFAULT '',
  `is_deleted` tinyint(1) UNSIGNED NOT NULL DEFAULT 0 COMMENT '逻辑删除 1（true）已删除， 0（false）未删除',
  `gmt_create` datetime(0) NOT NULL COMMENT '创建时间',
  `gmt_modified` datetime(0) NOT NULL COMMENT '更新时间',
  PRIMARY KEY (`id`) USING BTREE,
  INDEX `idx_role_id`(`role_id`) USING BTREE,
  INDEX `idx_permission_id`(`permission_id`) USING BTREE
) ENGINE = InnoDB CHARACTER SET = utf8 COLLATE = utf8_general_ci COMMENT = '角色权限' ROW_FORMAT = DYNAMIC;

-- ----------------------------
-- Records of acl_role_permission
-- ----------------------------
INSERT INTO `acl_role_permission` VALUES ('1196301979754455041', '1', '1', 1, '2019-11-18 13:39:53', '2019-11-18 13:39:53');
INSERT INTO `acl_role_permission` VALUES ('1196301979792203778', '1', '1195268474480156673', 1, '2019-11-18 13:39:53', '2019-11-18 13:39:53');
INSERT INTO `acl_role_permission` VALUES ('1196301979821563906', '1', '1195268616021139457', 1, '2019-11-18 13:39:53', '2019-11-18 13:39:53');
INSERT INTO `acl_role_permission` VALUES ('1196301979842535426', '1', '1195269143060602882', 1, '2019-11-18 13:39:53', '2019-11-18 13:39:53');
INSERT INTO `acl_role_permission` VALUES ('1196301979855118338', '1', '1195269295926206466', 1, '2019-11-18 13:39:53', '2019-11-18 13:39:53');
INSERT INTO `acl_role_permission` VALUES ('1196301979880284161', '1', '1195269473479483394', 1, '2019-11-18 13:39:53', '2019-11-18 13:39:53');
INSERT INTO `acl_role_permission` VALUES ('1196301979913838593', '1', '1195269547269873666', 1, '2019-11-18 13:39:53', '2019-11-18 13:39:53');
INSERT INTO `acl_role_permission` VALUES ('1196301979926421506', '1', '1196301740985311234', 1, '2019-11-18 13:39:53', '2019-11-18 13:39:53');
INSERT INTO `acl_role_permission` VALUES ('1196301979951587330', '1', '1195268788138598401', 1, '2019-11-18 13:39:53', '2019-11-18 13:39:53');
INSERT INTO `acl_role_permission` VALUES ('1196301980014501889', '1', '1195269821262782465', 1, '2019-11-18 13:39:53', '2019-11-18 13:39:53');
INSERT INTO `acl_role_permission` VALUES ('1196301980035473410', '1', '1195269903542444034', 1, '2019-11-18 13:39:53', '2019-11-18 13:39:53');
INSERT INTO `acl_role_permission` VALUES ('1196301980052250626', '1', '1195270037005197313', 1, '2019-11-18 13:39:53', '2019-11-18 13:39:53');
INSERT INTO `acl_role_permission` VALUES ('1196301980077416450', '1', '1195270442602782721', 1, '2019-11-18 13:39:53', '2019-11-18 13:39:53');
INSERT INTO `acl_role_permission` VALUES ('1196301980094193665', '1', '1195270621548568578', 1, '2019-11-18 13:39:53', '2019-11-18 13:39:53');
INSERT INTO `acl_role_permission` VALUES ('1196301980119359489', '1', '1195268893830864898', 1, '2019-11-18 13:39:53', '2019-11-18 13:39:53');
INSERT INTO `acl_role_permission` VALUES ('1196301980136136706', '1', '1195270744097742849', 1, '2019-11-18 13:39:53', '2019-11-18 13:39:53');
INSERT INTO `acl_role_permission` VALUES ('1196301980249382913', '1', '1195270810560684034', 1, '2019-11-18 13:39:53', '2019-11-18 13:39:53');
INSERT INTO `acl_role_permission` VALUES ('1196301980270354434', '1', '1195270862100291586', 1, '2019-11-18 13:39:53', '2019-11-18 13:39:53');
INSERT INTO `acl_role_permission` VALUES ('1196301980287131649', '1', '1195270887933009922', 1, '2019-11-18 13:39:53', '2019-11-18 13:39:53');
INSERT INTO `acl_role_permission` VALUES ('1196301980303908866', '1', '1195349439240048642', 1, '2019-11-18 13:39:53', '2019-11-18 13:39:53');
INSERT INTO `acl_role_permission` VALUES ('1196301980320686082', '1', '1195349699995734017', 1, '2019-11-18 13:39:53', '2019-11-18 13:39:53');
INSERT INTO `acl_role_permission` VALUES ('1196301980345851905', '1', '1195349979797753857', 1, '2019-11-18 13:39:53', '2019-11-18 13:39:53');
INSERT INTO `acl_role_permission` VALUES ('1196301980362629121', '1', '1195350117270261762', 1, '2019-11-18 13:39:53', '2019-11-18 13:39:53');
INSERT INTO `acl_role_permission` VALUES ('1196301980383600641', '1', '1195350188359520258', 1, '2019-11-18 13:39:53', '2019-11-18 13:39:53');
INSERT INTO `acl_role_permission` VALUES ('1196301980408766465', '1', '1195349810561781761', 1, '2019-11-18 13:39:53', '2019-11-18 13:39:53');
INSERT INTO `acl_role_permission` VALUES ('1196301980421349378', '1', '1195349876252971010', 1, '2019-11-18 13:39:53', '2019-11-18 13:39:53');
INSERT INTO `acl_role_permission` VALUES ('1196301980438126593', '1', '1195350299365969922', 1, '2019-11-18 13:39:53', '2019-11-18 13:39:53');
INSERT INTO `acl_role_permission` VALUES ('1196301980450709506', '1', '1195350397751758850', 1, '2019-11-18 13:39:53', '2019-11-18 13:39:53');
INSERT INTO `acl_role_permission` VALUES ('1196301980501041153', '1', '1195350612172967938', 1, '2019-11-18 13:39:53', '2019-11-18 13:39:53');
INSERT INTO `acl_role_permission` VALUES ('1196301980517818370', '1', '1195350500512206850', 1, '2019-11-18 13:39:53', '2019-11-18 13:39:53');
INSERT INTO `acl_role_permission` VALUES ('1196301980538789889', '1', '1195350687590748161', 1, '2019-11-18 13:39:53', '2019-11-18 13:39:53');
INSERT INTO `acl_role_permission` VALUES ('1196301980622675970', '1', '1195350831744782337', 1, '2019-11-18 13:39:53', '2019-11-18 13:39:53');
INSERT INTO `acl_role_permission` VALUES ('1196301980639453186', '1', '1195350919074385921', 1, '2019-11-18 13:39:53', '2019-11-18 13:39:53');
INSERT INTO `acl_role_permission` VALUES ('1196301980660424705', '1', '1195351159672246274', 1, '2019-11-18 13:39:53', '2019-11-18 13:39:53');
INSERT INTO `acl_role_permission` VALUES ('1196301980677201922', '1', '1195351326706208770', 1, '2019-11-18 13:39:53', '2019-11-18 13:39:53');
INSERT INTO `acl_role_permission` VALUES ('1196301980698173441', '1', '1195351566221938690', 1, '2019-11-18 13:39:53', '2019-11-18 13:39:53');
INSERT INTO `acl_role_permission` VALUES ('1196301980714950658', '1', '1195351020463296513', 1, '2019-11-18 13:39:53', '2019-11-18 13:39:53');
INSERT INTO `acl_role_permission` VALUES ('1196301980723339266', '1', '1195351862889254913', 1, '2019-11-18 13:39:53', '2019-11-18 13:39:53');
INSERT INTO `acl_role_permission` VALUES ('1196301980744310786', '1', '1195351968841568257', 1, '2019-11-18 13:39:53', '2019-11-18 13:39:53');
INSERT INTO `acl_role_permission` VALUES ('1196301980761088001', '1', '1195352215768633346', 1, '2019-11-18 13:39:53', '2019-11-18 13:39:53');
INSERT INTO `acl_role_permission` VALUES ('1196301980777865217', '1', '1195352054917074946', 1, '2019-11-18 13:39:53', '2019-11-18 13:39:53');
INSERT INTO `acl_role_permission` VALUES ('1196301980794642434', '1', '1195352127734386690', 1, '2019-11-18 13:39:53', '2019-11-18 13:39:53');
INSERT INTO `acl_role_permission` VALUES ('1196301980811419650', '1', '1195352547621965825', 1, '2019-11-18 13:39:53', '2019-11-18 13:39:53');
INSERT INTO `acl_role_permission` VALUES ('1196301980828196865', '1', '1195353513549205505', 1, '2019-11-18 13:39:53', '2019-11-18 13:39:53');
INSERT INTO `acl_role_permission` VALUES ('1196301980844974082', '1', '1195352856645701633', 1, '2019-11-18 13:39:53', '2019-11-18 13:39:53');
INSERT INTO `acl_role_permission` VALUES ('1196301980861751298', '1', '1195352909401657346', 1, '2019-11-18 13:39:53', '2019-11-18 13:39:53');
INSERT INTO `acl_role_permission` VALUES ('1196301980886917122', '1', '1195353051395624961', 1, '2019-11-18 13:39:53', '2019-11-18 13:39:53');
INSERT INTO `acl_role_permission` VALUES ('1196301980928860162', '1', '1195353672110673921', 1, '2019-11-18 13:39:53', '2019-11-18 13:39:53');
INSERT INTO `acl_role_permission` VALUES ('1196301980954025986', '1', '1195354076890370050', 1, '2019-11-18 13:39:53', '2019-11-18 13:39:53');
INSERT INTO `acl_role_permission` VALUES ('1196301980970803201', '1', '1195354153482555393', 1, '2019-11-18 13:39:53', '2019-11-18 13:39:53');
INSERT INTO `acl_role_permission` VALUES ('1196301980987580418', '1', '1195354315093282817', 1, '2019-11-18 13:39:53', '2019-11-18 13:39:53');
INSERT INTO `acl_role_permission` VALUES ('1196305293070077953', '1', '1', 1, '2019-11-18 13:53:03', '2019-11-18 13:53:03');
INSERT INTO `acl_role_permission` VALUES ('1196305293099438081', '1', '1195268474480156673', 1, '2019-11-18 13:53:03', '2019-11-18 13:53:03');
INSERT INTO `acl_role_permission` VALUES ('1196305293120409602', '1', '1195268616021139457', 1, '2019-11-18 13:53:03', '2019-11-18 13:53:03');
INSERT INTO `acl_role_permission` VALUES ('1196305293153964034', '1', '1195269143060602882', 1, '2019-11-18 13:53:03', '2019-11-18 13:53:03');
INSERT INTO `acl_role_permission` VALUES ('1196305293183324162', '1', '1195269295926206466', 1, '2019-11-18 13:53:03', '2019-11-18 13:53:03');
INSERT INTO `acl_role_permission` VALUES ('1196305293212684290', '1', '1195269473479483394', 1, '2019-11-18 13:53:03', '2019-11-18 13:53:03');
INSERT INTO `acl_role_permission` VALUES ('1196305293237850114', '1', '1195269547269873666', 1, '2019-11-18 13:53:03', '2019-11-18 13:53:03');
INSERT INTO `acl_role_permission` VALUES ('1196305293271404545', '1', '1196301740985311234', 1, '2019-11-18 13:53:03', '2019-11-18 13:53:03');
INSERT INTO `acl_role_permission` VALUES ('1196305293485314049', '1', '1195268788138598401', 1, '2019-11-18 13:53:03', '2019-11-18 13:53:03');
INSERT INTO `acl_role_permission` VALUES ('1196305293506285569', '1', '1195269821262782465', 1, '2019-11-18 13:53:03', '2019-11-18 13:53:03');
INSERT INTO `acl_role_permission` VALUES ('1196305293527257089', '1', '1195269903542444034', 1, '2019-11-18 13:53:03', '2019-11-18 13:53:03');
INSERT INTO `acl_role_permission` VALUES ('1196305293552422914', '1', '1195270037005197313', 1, '2019-11-18 13:53:03', '2019-11-18 13:53:03');
INSERT INTO `acl_role_permission` VALUES ('1196305293565005825', '1', '1195270442602782721', 1, '2019-11-18 13:53:03', '2019-11-18 13:53:03');
INSERT INTO `acl_role_permission` VALUES ('1196305293594365954', '1', '1195270621548568578', 1, '2019-11-18 13:53:03', '2019-11-18 13:53:03');
INSERT INTO `acl_role_permission` VALUES ('1196305293611143169', '1', '1195268893830864898', 1, '2019-11-18 13:53:03', '2019-11-18 13:53:03');
INSERT INTO `acl_role_permission` VALUES ('1196305293627920385', '1', '1195270744097742849', 1, '2019-11-18 13:53:03', '2019-11-18 13:53:03');
INSERT INTO `acl_role_permission` VALUES ('1196305293657280513', '1', '1195349439240048642', 1, '2019-11-18 13:53:03', '2019-11-18 13:53:03');
INSERT INTO `acl_role_permission` VALUES ('1196305293674057729', '1', '1195349699995734017', 1, '2019-11-18 13:53:03', '2019-11-18 13:53:03');
INSERT INTO `acl_role_permission` VALUES ('1196305293690834946', '1', '1195349979797753857', 1, '2019-11-18 13:53:03', '2019-11-18 13:53:03');
INSERT INTO `acl_role_permission` VALUES ('1196305293716000770', '1', '1195350117270261762', 1, '2019-11-18 13:53:03', '2019-11-18 13:53:03');
INSERT INTO `acl_role_permission` VALUES ('1196305293736972290', '1', '1195350188359520258', 1, '2019-11-18 13:53:03', '2019-11-18 13:53:03');
INSERT INTO `acl_role_permission` VALUES ('1196305293749555202', '1', '1195349810561781761', 1, '2019-11-18 13:53:03', '2019-11-18 13:53:03');
INSERT INTO `acl_role_permission` VALUES ('1196305293766332417', '1', '1195349876252971010', 1, '2019-11-18 13:53:03', '2019-11-18 13:53:03');
INSERT INTO `acl_role_permission` VALUES ('1196305293795692546', '1', '1195350299365969922', 1, '2019-11-18 13:53:03', '2019-11-18 13:53:03');
INSERT INTO `acl_role_permission` VALUES ('1196305293812469762', '1', '1195350397751758850', 1, '2019-11-18 13:53:03', '2019-11-18 13:53:03');
INSERT INTO `acl_role_permission` VALUES ('1196305293837635586', '1', '1195350612172967938', 1, '2019-11-18 13:53:03', '2019-11-18 13:53:03');
INSERT INTO `acl_role_permission` VALUES ('1196305293858607106', '1', '1195350500512206850', 1, '2019-11-18 13:53:03', '2019-11-18 13:53:03');
INSERT INTO `acl_role_permission` VALUES ('1196305293875384322', '1', '1195350687590748161', 1, '2019-11-18 13:53:03', '2019-11-18 13:53:03');
INSERT INTO `acl_role_permission` VALUES ('1196305293892161538', '1', '1195350831744782337', 1, '2019-11-18 13:53:03', '2019-11-18 13:53:03');
INSERT INTO `acl_role_permission` VALUES ('1196305293950881794', '1', '1195350919074385921', 1, '2019-11-18 13:53:03', '2019-11-18 13:53:03');
INSERT INTO `acl_role_permission` VALUES ('1196305293976047617', '1', '1195351159672246274', 1, '2019-11-18 13:53:03', '2019-11-18 13:53:03');
INSERT INTO `acl_role_permission` VALUES ('1196305294127042561', '1', '1195351326706208770', 1, '2019-11-18 13:53:03', '2019-11-18 13:53:03');
INSERT INTO `acl_role_permission` VALUES ('1196305294156402690', '1', '1195351566221938690', 1, '2019-11-18 13:53:03', '2019-11-18 13:53:03');
INSERT INTO `acl_role_permission` VALUES ('1196305294177374209', '1', '1195351862889254913', 1, '2019-11-18 13:53:03', '2019-11-18 13:53:03');
INSERT INTO `acl_role_permission` VALUES ('1196305294194151425', '1', '1195351968841568257', 1, '2019-11-18 13:53:03', '2019-11-18 13:53:03');
INSERT INTO `acl_role_permission` VALUES ('1196305294223511554', '1', '1195352215768633346', 1, '2019-11-18 13:53:03', '2019-11-18 13:53:03');
INSERT INTO `acl_role_permission` VALUES ('1196305294240288770', '1', '1195352054917074946', 1, '2019-11-18 13:53:03', '2019-11-18 13:53:03');
INSERT INTO `acl_role_permission` VALUES ('1196305294248677377', '1', '1195352127734386690', 1, '2019-11-18 13:53:03', '2019-11-18 13:53:03');
INSERT INTO `acl_role_permission` VALUES ('1196305294248677378', '1', '1195352547621965825', 1, '2019-11-18 13:53:03', '2019-11-18 13:53:03');
INSERT INTO `acl_role_permission` VALUES ('1196305294319980546', '1', '1195353513549205505', 1, '2019-11-18 13:53:03', '2019-11-18 13:53:03');
INSERT INTO `acl_role_permission` VALUES ('1196305294319980547', '1', '1195352856645701633', 1, '2019-11-18 13:53:03', '2019-11-18 13:53:03');
INSERT INTO `acl_role_permission` VALUES ('1196305294319980548', '1', '1195352909401657346', 1, '2019-11-18 13:53:03', '2019-11-18 13:53:03');
INSERT INTO `acl_role_permission` VALUES ('1196305294378700802', '1', '1195353051395624961', 1, '2019-11-18 13:53:03', '2019-11-18 13:53:03');
INSERT INTO `acl_role_permission` VALUES ('1196305294378700803', '1', '1195353672110673921', 1, '2019-11-18 13:53:03', '2019-11-18 13:53:03');
INSERT INTO `acl_role_permission` VALUES ('1196305294458392577', '1', '1195354076890370050', 1, '2019-11-18 13:53:03', '2019-11-18 13:53:03');
INSERT INTO `acl_role_permission` VALUES ('1196305294483558402', '1', '1195354153482555393', 1, '2019-11-18 13:53:03', '2019-11-18 13:53:03');
INSERT INTO `acl_role_permission` VALUES ('1196305294500335618', '1', '1195354315093282817', 1, '2019-11-18 13:53:03', '2019-11-18 13:53:03');
INSERT INTO `acl_role_permission` VALUES ('1196305566656139266', '1', '1', 1, '2019-11-18 13:54:08', '2019-11-18 13:54:08');
INSERT INTO `acl_role_permission` VALUES ('1196305566689693698', '1', '1195268474480156673', 1, '2019-11-18 13:54:08', '2019-11-18 13:54:08');
INSERT INTO `acl_role_permission` VALUES ('1196305566706470913', '1', '1195268616021139457', 1, '2019-11-18 13:54:08', '2019-11-18 13:54:08');
INSERT INTO `acl_role_permission` VALUES ('1196305566740025346', '1', '1195269143060602882', 1, '2019-11-18 13:54:08', '2019-11-18 13:54:08');
INSERT INTO `acl_role_permission` VALUES ('1196305566756802561', '1', '1195269295926206466', 1, '2019-11-18 13:54:08', '2019-11-18 13:54:08');
INSERT INTO `acl_role_permission` VALUES ('1196305566781968385', '1', '1195269473479483394', 1, '2019-11-18 13:54:08', '2019-11-18 13:54:08');
INSERT INTO `acl_role_permission` VALUES ('1196305566811328514', '1', '1195269547269873666', 1, '2019-11-18 13:54:08', '2019-11-18 13:54:08');
INSERT INTO `acl_role_permission` VALUES ('1196305566828105730', '1', '1196301740985311234', 1, '2019-11-18 13:54:08', '2019-11-18 13:54:08');
INSERT INTO `acl_role_permission` VALUES ('1196305566853271554', '1', '1195268788138598401', 1, '2019-11-18 13:54:08', '2019-11-18 13:54:08');
INSERT INTO `acl_role_permission` VALUES ('1196305566878437378', '1', '1195269821262782465', 1, '2019-11-18 13:54:08', '2019-11-18 13:54:08');
INSERT INTO `acl_role_permission` VALUES ('1196305566895214593', '1', '1195269903542444034', 1, '2019-11-18 13:54:08', '2019-11-18 13:54:08');
INSERT INTO `acl_role_permission` VALUES ('1196305566916186113', '1', '1195270037005197313', 1, '2019-11-18 13:54:08', '2019-11-18 13:54:08');
INSERT INTO `acl_role_permission` VALUES ('1196305566949740546', '1', '1195270442602782721', 1, '2019-11-18 13:54:08', '2019-11-18 13:54:08');
INSERT INTO `acl_role_permission` VALUES ('1196305566966517761', '1', '1195270621548568578', 1, '2019-11-18 13:54:08', '2019-11-18 13:54:08');
INSERT INTO `acl_role_permission` VALUES ('1196305566991683585', '1', '1195268893830864898', 1, '2019-11-18 13:54:08', '2019-11-18 13:54:08');
INSERT INTO `acl_role_permission` VALUES ('1196305567012655106', '1', '1195270744097742849', 1, '2019-11-18 13:54:08', '2019-11-18 13:54:08');
INSERT INTO `acl_role_permission` VALUES ('1196305567029432322', '1', '1195270810560684034', 1, '2019-11-18 13:54:08', '2019-11-18 13:54:08');
INSERT INTO `acl_role_permission` VALUES ('1196305567042015233', '1', '1195270862100291586', 1, '2019-11-18 13:54:08', '2019-11-18 13:54:08');
INSERT INTO `acl_role_permission` VALUES ('1196305567100735490', '1', '1195270887933009922', 1, '2019-11-18 13:54:08', '2019-11-18 13:54:08');
INSERT INTO `acl_role_permission` VALUES ('1196305567117512705', '1', '1195349439240048642', 1, '2019-11-18 13:54:08', '2019-11-18 13:54:08');
INSERT INTO `acl_role_permission` VALUES ('1196305567142678530', '1', '1195349699995734017', 1, '2019-11-18 13:54:08', '2019-11-18 13:54:08');
INSERT INTO `acl_role_permission` VALUES ('1196305567155261442', '1', '1195349979797753857', 1, '2019-11-18 13:54:08', '2019-11-18 13:54:08');
INSERT INTO `acl_role_permission` VALUES ('1196305567172038658', '1', '1195350117270261762', 1, '2019-11-18 13:54:08', '2019-11-18 13:54:08');
INSERT INTO `acl_role_permission` VALUES ('1196305567188815873', '1', '1195350188359520258', 1, '2019-11-18 13:54:08', '2019-11-18 13:54:08');
INSERT INTO `acl_role_permission` VALUES ('1196305567218176001', '1', '1195349810561781761', 1, '2019-11-18 13:54:08', '2019-11-18 13:54:08');
INSERT INTO `acl_role_permission` VALUES ('1196305567234953217', '1', '1195349876252971010', 1, '2019-11-18 13:54:08', '2019-11-18 13:54:08');
INSERT INTO `acl_role_permission` VALUES ('1196305567251730434', '1', '1195350299365969922', 1, '2019-11-18 13:54:08', '2019-11-18 13:54:08');
INSERT INTO `acl_role_permission` VALUES ('1196305567272701954', '1', '1195350397751758850', 1, '2019-11-18 13:54:08', '2019-11-18 13:54:08');
INSERT INTO `acl_role_permission` VALUES ('1196305567289479170', '1', '1195350612172967938', 1, '2019-11-18 13:54:08', '2019-11-18 13:54:08');
INSERT INTO `acl_role_permission` VALUES ('1196305567310450690', '1', '1195350500512206850', 1, '2019-11-18 13:54:08', '2019-11-18 13:54:08');
INSERT INTO `acl_role_permission` VALUES ('1196305567327227905', '1', '1195350687590748161', 1, '2019-11-18 13:54:08', '2019-11-18 13:54:08');
INSERT INTO `acl_role_permission` VALUES ('1196305567448862722', '1', '1195350831744782337', 1, '2019-11-18 13:54:08', '2019-11-18 13:54:08');
INSERT INTO `acl_role_permission` VALUES ('1196305567478222850', '1', '1195350919074385921', 1, '2019-11-18 13:54:08', '2019-11-18 13:54:08');
INSERT INTO `acl_role_permission` VALUES ('1196305567495000065', '1', '1195351159672246274', 1, '2019-11-18 13:54:08', '2019-11-18 13:54:08');
INSERT INTO `acl_role_permission` VALUES ('1196305567520165889', '1', '1195351326706208770', 1, '2019-11-18 13:54:08', '2019-11-18 13:54:08');
INSERT INTO `acl_role_permission` VALUES ('1196305567541137409', '1', '1195351566221938690', 1, '2019-11-18 13:54:08', '2019-11-18 13:54:08');
INSERT INTO `acl_role_permission` VALUES ('1196305567570497538', '1', '1195351862889254913', 1, '2019-11-18 13:54:08', '2019-11-18 13:54:08');
INSERT INTO `acl_role_permission` VALUES ('1196305567587274754', '1', '1195351968841568257', 1, '2019-11-18 13:54:08', '2019-11-18 13:54:08');
INSERT INTO `acl_role_permission` VALUES ('1196305567604051970', '1', '1195352215768633346', 1, '2019-11-18 13:54:08', '2019-11-18 13:54:08');
INSERT INTO `acl_role_permission` VALUES ('1196305567633412098', '1', '1195352054917074946', 1, '2019-11-18 13:54:08', '2019-11-18 13:54:08');
INSERT INTO `acl_role_permission` VALUES ('1196305567683743745', '1', '1195352127734386690', 1, '2019-11-18 13:54:08', '2019-11-18 13:54:08');
INSERT INTO `acl_role_permission` VALUES ('1196305567721492481', '1', '1195352547621965825', 1, '2019-11-18 13:54:08', '2019-11-18 13:54:08');
INSERT INTO `acl_role_permission` VALUES ('1196305567742464002', '1', '1195353513549205505', 1, '2019-11-18 13:54:08', '2019-11-18 13:54:08');
INSERT INTO `acl_role_permission` VALUES ('1196305567771824129', '1', '1195352856645701633', 1, '2019-11-18 13:54:08', '2019-11-18 13:54:08');
INSERT INTO `acl_role_permission` VALUES ('1196305567792795650', '1', '1195352909401657346', 1, '2019-11-18 13:54:08', '2019-11-18 13:54:08');
INSERT INTO `acl_role_permission` VALUES ('1196305567809572866', '1', '1195353051395624961', 1, '2019-11-18 13:54:08', '2019-11-18 13:54:08');
INSERT INTO `acl_role_permission` VALUES ('1196305567843127298', '1', '1195353672110673921', 1, '2019-11-18 13:54:08', '2019-11-18 13:54:08');
INSERT INTO `acl_role_permission` VALUES ('1196305567868293122', '1', '1195354076890370050', 1, '2019-11-18 13:54:08', '2019-11-18 13:54:08');
INSERT INTO `acl_role_permission` VALUES ('1196305567885070338', '1', '1195354153482555393', 1, '2019-11-18 13:54:08', '2019-11-18 13:54:08');
INSERT INTO `acl_role_permission` VALUES ('1196305567910236162', '1', '1195354315093282817', 1, '2019-11-18 13:54:08', '2019-11-18 13:54:08');
INSERT INTO `acl_role_permission` VALUES ('1196312702601695234', '1', '1', 0, '2019-11-18 14:22:29', '2019-11-18 14:22:29');
INSERT INTO `acl_role_permission` VALUES ('1196312702652026881', '1', '1195268474480156673', 0, '2019-11-18 14:22:29', '2019-11-18 14:22:29');
INSERT INTO `acl_role_permission` VALUES ('1196312702668804098', '1', '1195268616021139457', 0, '2019-11-18 14:22:29', '2019-11-18 14:22:29');
INSERT INTO `acl_role_permission` VALUES ('1196312702698164226', '1', '1195269143060602882', 0, '2019-11-18 14:22:29', '2019-11-18 14:22:29');
INSERT INTO `acl_role_permission` VALUES ('1196312702723330049', '1', '1195269295926206466', 0, '2019-11-18 14:22:29', '2019-11-18 14:22:29');
INSERT INTO `acl_role_permission` VALUES ('1196312702744301569', '1', '1195269473479483394', 0, '2019-11-18 14:22:29', '2019-11-18 14:22:29');
INSERT INTO `acl_role_permission` VALUES ('1196312702765273089', '1', '1195269547269873666', 0, '2019-11-18 14:22:29', '2019-11-18 14:22:29');
INSERT INTO `acl_role_permission` VALUES ('1196312702790438913', '1', '1196301740985311234', 0, '2019-11-18 14:22:29', '2019-11-18 14:22:29');
INSERT INTO `acl_role_permission` VALUES ('1196312702945628161', '1', '1195268788138598401', 0, '2019-11-18 14:22:29', '2019-11-18 14:22:29');
INSERT INTO `acl_role_permission` VALUES ('1196312702970793985', '1', '1195269821262782465', 0, '2019-11-18 14:22:29', '2019-11-18 14:22:29');
INSERT INTO `acl_role_permission` VALUES ('1196312703000154114', '1', '1195269903542444034', 0, '2019-11-18 14:22:29', '2019-11-18 14:22:29');
INSERT INTO `acl_role_permission` VALUES ('1196312703025319938', '1', '1195270037005197313', 0, '2019-11-18 14:22:29', '2019-11-18 14:22:29');
INSERT INTO `acl_role_permission` VALUES ('1196312703046291458', '1', '1195270442602782721', 0, '2019-11-18 14:22:29', '2019-11-18 14:22:29');
INSERT INTO `acl_role_permission` VALUES ('1196312703063068673', '1', '1195270621548568578', 0, '2019-11-18 14:22:29', '2019-11-18 14:22:29');
INSERT INTO `acl_role_permission` VALUES ('1196312703084040193', '1', '1195268893830864898', 0, '2019-11-18 14:22:29', '2019-11-18 14:22:29');
INSERT INTO `acl_role_permission` VALUES ('1196312703113400321', '1', '1195270744097742849', 0, '2019-11-18 14:22:29', '2019-11-18 14:22:29');
INSERT INTO `acl_role_permission` VALUES ('1196312703134371842', '1', '1195270810560684034', 0, '2019-11-18 14:22:30', '2019-11-18 14:22:30');
INSERT INTO `acl_role_permission` VALUES ('1196312703159537665', '1', '1195270862100291586', 0, '2019-11-18 14:22:30', '2019-11-18 14:22:30');
INSERT INTO `acl_role_permission` VALUES ('1196312703184703490', '1', '1195270887933009922', 0, '2019-11-18 14:22:30', '2019-11-18 14:22:30');
INSERT INTO `acl_role_permission` VALUES ('1196312703209869313', '1', '1195349439240048642', 0, '2019-11-18 14:22:30', '2019-11-18 14:22:30');
INSERT INTO `acl_role_permission` VALUES ('1196312703230840834', '1', '1195349699995734017', 0, '2019-11-18 14:22:30', '2019-11-18 14:22:30');
INSERT INTO `acl_role_permission` VALUES ('1196312703251812354', '1', '1195349979797753857', 0, '2019-11-18 14:22:30', '2019-11-18 14:22:30');
INSERT INTO `acl_role_permission` VALUES ('1196312703272783873', '1', '1195350117270261762', 0, '2019-11-18 14:22:30', '2019-11-18 14:22:30');
INSERT INTO `acl_role_permission` VALUES ('1196312703293755394', '1', '1195350188359520258', 0, '2019-11-18 14:22:30', '2019-11-18 14:22:30');
INSERT INTO `acl_role_permission` VALUES ('1196312703327309826', '1', '1195349810561781761', 0, '2019-11-18 14:22:30', '2019-11-18 14:22:30');
INSERT INTO `acl_role_permission` VALUES ('1196312703348281345', '1', '1195349876252971010', 0, '2019-11-18 14:22:30', '2019-11-18 14:22:30');
INSERT INTO `acl_role_permission` VALUES ('1196312703365058561', '1', '1195350299365969922', 0, '2019-11-18 14:22:30', '2019-11-18 14:22:30');
INSERT INTO `acl_role_permission` VALUES ('1196312703386030082', '1', '1195350397751758850', 0, '2019-11-18 14:22:30', '2019-11-18 14:22:30');
INSERT INTO `acl_role_permission` VALUES ('1196312703440556034', '1', '1195350612172967938', 0, '2019-11-18 14:22:30', '2019-11-18 14:22:30');
INSERT INTO `acl_role_permission` VALUES ('1196312703486693378', '1', '1195350500512206850', 0, '2019-11-18 14:22:30', '2019-11-18 14:22:30');
INSERT INTO `acl_role_permission` VALUES ('1196312703511859202', '1', '1195350687590748161', 0, '2019-11-18 14:22:30', '2019-11-18 14:22:30');
INSERT INTO `acl_role_permission` VALUES ('1196312703654465537', '1', '1195350831744782337', 0, '2019-11-18 14:22:30', '2019-11-18 14:22:30');
INSERT INTO `acl_role_permission` VALUES ('1196312703683825665', '1', '1195350919074385921', 0, '2019-11-18 14:22:30', '2019-11-18 14:22:30');
INSERT INTO `acl_role_permission` VALUES ('1196312703700602882', '1', '1195351159672246274', 0, '2019-11-18 14:22:30', '2019-11-18 14:22:30');
INSERT INTO `acl_role_permission` VALUES ('1196312703717380098', '1', '1195351326706208770', 0, '2019-11-18 14:22:30', '2019-11-18 14:22:30');
INSERT INTO `acl_role_permission` VALUES ('1196312703738351618', '1', '1195351566221938690', 0, '2019-11-18 14:22:30', '2019-11-18 14:22:30');
INSERT INTO `acl_role_permission` VALUES ('1196312703759323137', '1', '1195351020463296513', 0, '2019-11-18 14:22:30', '2019-11-18 14:22:30');
INSERT INTO `acl_role_permission` VALUES ('1196312703776100353', '1', '1195351862889254913', 0, '2019-11-18 14:22:30', '2019-11-18 14:22:30');
INSERT INTO `acl_role_permission` VALUES ('1196312703792877570', '1', '1195351968841568257', 0, '2019-11-18 14:22:30', '2019-11-18 14:22:30');
INSERT INTO `acl_role_permission` VALUES ('1196312703830626305', '1', '1195352215768633346', 0, '2019-11-18 14:22:30', '2019-11-18 14:22:30');
INSERT INTO `acl_role_permission` VALUES ('1196312703843209217', '1', '1195352054917074946', 0, '2019-11-18 14:22:30', '2019-11-18 14:22:30');
INSERT INTO `acl_role_permission` VALUES ('1196312703868375041', '1', '1195352127734386690', 0, '2019-11-18 14:22:30', '2019-11-18 14:22:30');
INSERT INTO `acl_role_permission` VALUES ('1196312703889346561', '1', '1195352547621965825', 0, '2019-11-18 14:22:30', '2019-11-18 14:22:30');
INSERT INTO `acl_role_permission` VALUES ('1196312703901929473', '1', '1195353513549205505', 0, '2019-11-18 14:22:30', '2019-11-18 14:22:30');
INSERT INTO `acl_role_permission` VALUES ('1196312703918706689', '1', '1195352856645701633', 0, '2019-11-18 14:22:30', '2019-11-18 14:22:30');
INSERT INTO `acl_role_permission` VALUES ('1196312703952261121', '1', '1195352909401657346', 0, '2019-11-18 14:22:30', '2019-11-18 14:22:30');
INSERT INTO `acl_role_permission` VALUES ('1196312703973232642', '1', '1195353051395624961', 0, '2019-11-18 14:22:30', '2019-11-18 14:22:30');
INSERT INTO `acl_role_permission` VALUES ('1196312703990009857', '1', '1195353672110673921', 0, '2019-11-18 14:22:30', '2019-11-18 14:22:30');
INSERT INTO `acl_role_permission` VALUES ('1196312704048730114', '1', '1195354076890370050', 0, '2019-11-18 14:22:30', '2019-11-18 14:22:30');
INSERT INTO `acl_role_permission` VALUES ('1196312704069701633', '1', '1195354153482555393', 0, '2019-11-18 14:22:30', '2019-11-18 14:22:30');
INSERT INTO `acl_role_permission` VALUES ('1196312704094867457', '1', '1195354315093282817', 0, '2019-11-18 14:22:30', '2019-11-18 14:22:30');
INSERT INTO `acl_role_permission` VALUES ('1317336049098395650', '1', '1195268474480156673', 0, '2020-10-17 13:26:04', '2020-10-17 13:26:04');
INSERT INTO `acl_role_permission` VALUES ('1317336049106784258', '1', '1195268616021139457', 0, '2020-10-17 13:26:04', '2020-10-17 13:26:04');
INSERT INTO `acl_role_permission` VALUES ('1317336049106784259', '1', '1195269143060602882', 0, '2020-10-17 13:26:04', '2020-10-17 13:26:04');
INSERT INTO `acl_role_permission` VALUES ('1317336049106784260', '1', '1195269295926206466', 0, '2020-10-17 13:26:04', '2020-10-17 13:26:04');
INSERT INTO `acl_role_permission` VALUES ('1317336049106784261', '1', '1195269473479483394', 0, '2020-10-17 13:26:04', '2020-10-17 13:26:04');
INSERT INTO `acl_role_permission` VALUES ('1317336049106784262', '1', '1195269547269873666', 0, '2020-10-17 13:26:04', '2020-10-17 13:26:04');
INSERT INTO `acl_role_permission` VALUES ('1317336049106784263', '1', '1196301740985311234', 0, '2020-10-17 13:26:04', '2020-10-17 13:26:04');
INSERT INTO `acl_role_permission` VALUES ('1317336049115172865', '1', '1195268788138598401', 0, '2020-10-17 13:26:04', '2020-10-17 13:26:04');
INSERT INTO `acl_role_permission` VALUES ('1317336049115172866', '1', '1195269821262782465', 0, '2020-10-17 13:26:04', '2020-10-17 13:26:04');
INSERT INTO `acl_role_permission` VALUES ('1317336049115172867', '1', '1195269903542444034', 0, '2020-10-17 13:26:04', '2020-10-17 13:26:04');
INSERT INTO `acl_role_permission` VALUES ('1317336049115172868', '1', '1195270037005197313', 0, '2020-10-17 13:26:04', '2020-10-17 13:26:04');
INSERT INTO `acl_role_permission` VALUES ('1317336049115172869', '1', '1195270442602782721', 0, '2020-10-17 13:26:04', '2020-10-17 13:26:04');
INSERT INTO `acl_role_permission` VALUES ('1317336049115172870', '1', '1195270621548568578', 0, '2020-10-17 13:26:04', '2020-10-17 13:26:04');
INSERT INTO `acl_role_permission` VALUES ('1317336049123561473', '1', '1195268893830864898', 0, '2020-10-17 13:26:04', '2020-10-17 13:26:04');
INSERT INTO `acl_role_permission` VALUES ('1317336049123561474', '1', '1195270744097742849', 0, '2020-10-17 13:26:04', '2020-10-17 13:26:04');
INSERT INTO `acl_role_permission` VALUES ('1317336049123561475', '1', '1195270810560684034', 0, '2020-10-17 13:26:04', '2020-10-17 13:26:04');
INSERT INTO `acl_role_permission` VALUES ('1317336049123561476', '1', '1195270862100291586', 0, '2020-10-17 13:26:04', '2020-10-17 13:26:04');
INSERT INTO `acl_role_permission` VALUES ('1317336049123561477', '1', '1195270887933009922', 0, '2020-10-17 13:26:04', '2020-10-17 13:26:04');
INSERT INTO `acl_role_permission` VALUES ('1317336049131950081', '1', '1195349439240048642', 0, '2020-10-17 13:26:04', '2020-10-17 13:26:04');
INSERT INTO `acl_role_permission` VALUES ('1317336049131950082', '1', '1195349699995734017', 0, '2020-10-17 13:26:04', '2020-10-17 13:26:04');
INSERT INTO `acl_role_permission` VALUES ('1317336049131950083', '1', '1195349979797753857', 0, '2020-10-17 13:26:04', '2020-10-17 13:26:04');
INSERT INTO `acl_role_permission` VALUES ('1317336049131950084', '1', '1195350117270261762', 0, '2020-10-17 13:26:04', '2020-10-17 13:26:04');
INSERT INTO `acl_role_permission` VALUES ('1317336049131950085', '1', '1195350188359520258', 0, '2020-10-17 13:26:04', '2020-10-17 13:26:04');
INSERT INTO `acl_role_permission` VALUES ('1317336049131950086', '1', '1195349810561781761', 0, '2020-10-17 13:26:04', '2020-10-17 13:26:04');
INSERT INTO `acl_role_permission` VALUES ('1317336049131950087', '1', '1195349876252971010', 0, '2020-10-17 13:26:04', '2020-10-17 13:26:04');
INSERT INTO `acl_role_permission` VALUES ('1317336049140338690', '1', '1195350299365969922', 0, '2020-10-17 13:26:04', '2020-10-17 13:26:04');
INSERT INTO `acl_role_permission` VALUES ('1317336049140338691', '1', '1195350397751758850', 0, '2020-10-17 13:26:04', '2020-10-17 13:26:04');
INSERT INTO `acl_role_permission` VALUES ('1317336049140338692', '1', '1195350612172967938', 0, '2020-10-17 13:26:04', '2020-10-17 13:26:04');
INSERT INTO `acl_role_permission` VALUES ('1317336049140338693', '1', '1195350500512206850', 0, '2020-10-17 13:26:04', '2020-10-17 13:26:04');
INSERT INTO `acl_role_permission` VALUES ('1317336049140338694', '1', '1195350687590748161', 0, '2020-10-17 13:26:04', '2020-10-17 13:26:04');
INSERT INTO `acl_role_permission` VALUES ('1317336049148727298', '1', '1195350919074385921', 0, '2020-10-17 13:26:04', '2020-10-17 13:26:04');
INSERT INTO `acl_role_permission` VALUES ('1317336049467494402', '1', '1195351159672246274', 0, '2020-10-17 13:26:04', '2020-10-17 13:26:04');
INSERT INTO `acl_role_permission` VALUES ('1317336049467494403', '1', '1195351326706208770', 0, '2020-10-17 13:26:04', '2020-10-17 13:26:04');
INSERT INTO `acl_role_permission` VALUES ('1317336049467494404', '1', '1195351566221938690', 0, '2020-10-17 13:26:04', '2020-10-17 13:26:04');
INSERT INTO `acl_role_permission` VALUES ('1317336049467494405', '1', '1195351862889254913', 0, '2020-10-17 13:26:04', '2020-10-17 13:26:04');
INSERT INTO `acl_role_permission` VALUES ('1317336049467494406', '1', '1195351968841568257', 0, '2020-10-17 13:26:04', '2020-10-17 13:26:04');
INSERT INTO `acl_role_permission` VALUES ('1317336049475883009', '1', '1195352215768633346', 0, '2020-10-17 13:26:04', '2020-10-17 13:26:04');
INSERT INTO `acl_role_permission` VALUES ('1317336049475883010', '1', '1195352054917074946', 0, '2020-10-17 13:26:04', '2020-10-17 13:26:04');
INSERT INTO `acl_role_permission` VALUES ('1317336049475883011', '1', '1195352127734386690', 0, '2020-10-17 13:26:04', '2020-10-17 13:26:04');
INSERT INTO `acl_role_permission` VALUES ('1317336049475883012', '1', '1195352547621965825', 0, '2020-10-17 13:26:04', '2020-10-17 13:26:04');
INSERT INTO `acl_role_permission` VALUES ('1317336049475883013', '1', '1195353513549205505', 0, '2020-10-17 13:26:04', '2020-10-17 13:26:04');
INSERT INTO `acl_role_permission` VALUES ('1317336049475883014', '1', '1195352856645701633', 0, '2020-10-17 13:26:04', '2020-10-17 13:26:04');
INSERT INTO `acl_role_permission` VALUES ('1317336049475883015', '1', '1195352909401657346', 0, '2020-10-17 13:26:04', '2020-10-17 13:26:04');
INSERT INTO `acl_role_permission` VALUES ('1317336049475883016', '1', '1195353051395624961', 0, '2020-10-17 13:26:04', '2020-10-17 13:26:04');
INSERT INTO `acl_role_permission` VALUES ('1317336049475883017', '1', '1195353672110673921', 0, '2020-10-17 13:26:04', '2020-10-17 13:26:04');
INSERT INTO `acl_role_permission` VALUES ('1317336049484271617', '1', '1195354076890370050', 0, '2020-10-17 13:26:04', '2020-10-17 13:26:04');
INSERT INTO `acl_role_permission` VALUES ('1317336049484271618', '1', '1195354153482555393', 0, '2020-10-17 13:26:04', '2020-10-17 13:26:04');
INSERT INTO `acl_role_permission` VALUES ('1317336049484271619', '1', '1195354315093282817', 0, '2020-10-17 13:26:04', '2020-10-17 13:26:04');
INSERT INTO `acl_role_permission` VALUES ('1317409663395016705', '1317409627688906754', '1195350299365969922', 0, '2020-10-17 18:18:35', '2020-10-17 18:18:35');
INSERT INTO `acl_role_permission` VALUES ('1317409663403405314', '1317409627688906754', '1195350397751758850', 0, '2020-10-17 18:18:35', '2020-10-17 18:18:35');
INSERT INTO `acl_role_permission` VALUES ('1317409663403405315', '1317409627688906754', '1195350612172967938', 0, '2020-10-17 18:18:35', '2020-10-17 18:18:35');
INSERT INTO `acl_role_permission` VALUES ('1317409663403405316', '1317409627688906754', '1195350500512206850', 0, '2020-10-17 18:18:35', '2020-10-17 18:18:35');
INSERT INTO `acl_role_permission` VALUES ('1317409663411793922', '1317409627688906754', '1195350687590748161', 0, '2020-10-17 18:18:35', '2020-10-17 18:18:35');
INSERT INTO `acl_role_permission` VALUES ('1317412605032378369', '1317412567547883522', '1', 0, '2020-10-17 18:30:16', '2020-10-17 18:30:16');
INSERT INTO `acl_role_permission` VALUES ('1317412605040766977', '1317412567547883522', '1195349439240048642', 0, '2020-10-17 18:30:16', '2020-10-17 18:30:16');
INSERT INTO `acl_role_permission` VALUES ('1317412605040766978', '1317412567547883522', '1195349699995734017', 0, '2020-10-17 18:30:16', '2020-10-17 18:30:16');
INSERT INTO `acl_role_permission` VALUES ('1317412605040766979', '1317412567547883522', '1195349979797753857', 0, '2020-10-17 18:30:16', '2020-10-17 18:30:16');
INSERT INTO `acl_role_permission` VALUES ('1317412605040766980', '1317412567547883522', '1195350117270261762', 0, '2020-10-17 18:30:16', '2020-10-17 18:30:16');
INSERT INTO `acl_role_permission` VALUES ('1317412605040766981', '1317412567547883522', '1195350188359520258', 0, '2020-10-17 18:30:16', '2020-10-17 18:30:16');
INSERT INTO `acl_role_permission` VALUES ('1317412605049155585', '1317412567547883522', '1195349810561781761', 0, '2020-10-17 18:30:16', '2020-10-17 18:30:16');
INSERT INTO `acl_role_permission` VALUES ('1317412605049155586', '1317412567547883522', '1195349876252971010', 0, '2020-10-17 18:30:16', '2020-10-17 18:30:16');
INSERT INTO `acl_role_permission` VALUES ('1317412605049155587', '1317412567547883522', '1195350299365969922', 0, '2020-10-17 18:30:16', '2020-10-17 18:30:16');
INSERT INTO `acl_role_permission` VALUES ('1317412605049155588', '1317412567547883522', '1195350397751758850', 0, '2020-10-17 18:30:16', '2020-10-17 18:30:16');
INSERT INTO `acl_role_permission` VALUES ('1317412605049155589', '1317412567547883522', '1195350612172967938', 0, '2020-10-17 18:30:16', '2020-10-17 18:30:16');
INSERT INTO `acl_role_permission` VALUES ('1317412605057544194', '1317412567547883522', '1195350500512206850', 0, '2020-10-17 18:30:16', '2020-10-17 18:30:16');
INSERT INTO `acl_role_permission` VALUES ('1317412605057544195', '1317412567547883522', '1195350687590748161', 0, '2020-10-17 18:30:16', '2020-10-17 18:30:16');
INSERT INTO `acl_role_permission` VALUES ('1317414997719232513', '1317414962134757377', '1', 0, '2020-10-17 18:39:47', '2020-10-17 18:39:47');
INSERT INTO `acl_role_permission` VALUES ('1317414997719232514', '1317414962134757377', '1195268474480156673', 0, '2020-10-17 18:39:47', '2020-10-17 18:39:47');
INSERT INTO `acl_role_permission` VALUES ('1317414997727621122', '1317414962134757377', '1195268616021139457', 0, '2020-10-17 18:39:47', '2020-10-17 18:39:47');
INSERT INTO `acl_role_permission` VALUES ('1317414997727621123', '1317414962134757377', '1195269143060602882', 0, '2020-10-17 18:39:47', '2020-10-17 18:39:47');
INSERT INTO `acl_role_permission` VALUES ('1317414997731815426', '1317414962134757377', '1195269295926206466', 0, '2020-10-17 18:39:47', '2020-10-17 18:39:47');
INSERT INTO `acl_role_permission` VALUES ('1317414997731815427', '1317414962134757377', '1195269473479483394', 0, '2020-10-17 18:39:47', '2020-10-17 18:39:47');
INSERT INTO `acl_role_permission` VALUES ('1317414997731815428', '1317414962134757377', '1195269547269873666', 0, '2020-10-17 18:39:47', '2020-10-17 18:39:47');
INSERT INTO `acl_role_permission` VALUES ('1317414997731815429', '1317414962134757377', '1196301740985311234', 0, '2020-10-17 18:39:47', '2020-10-17 18:39:47');
INSERT INTO `acl_role_permission` VALUES ('1317414997731815430', '1317414962134757377', '1195268788138598401', 0, '2020-10-17 18:39:47', '2020-10-17 18:39:47');
INSERT INTO `acl_role_permission` VALUES ('1317414997731815431', '1317414962134757377', '1195269821262782465', 0, '2020-10-17 18:39:47', '2020-10-17 18:39:47');
INSERT INTO `acl_role_permission` VALUES ('1317414997731815432', '1317414962134757377', '1195269903542444034', 0, '2020-10-17 18:39:47', '2020-10-17 18:39:47');
INSERT INTO `acl_role_permission` VALUES ('1317414997731815433', '1317414962134757377', '1195270037005197313', 0, '2020-10-17 18:39:47', '2020-10-17 18:39:47');
INSERT INTO `acl_role_permission` VALUES ('1317414997740204034', '1317414962134757377', '1195270442602782721', 0, '2020-10-17 18:39:47', '2020-10-17 18:39:47');
INSERT INTO `acl_role_permission` VALUES ('1317414997740204035', '1317414962134757377', '1195270621548568578', 0, '2020-10-17 18:39:47', '2020-10-17 18:39:47');
INSERT INTO `acl_role_permission` VALUES ('1317414997740204036', '1317414962134757377', '1195268893830864898', 0, '2020-10-17 18:39:47', '2020-10-17 18:39:47');
INSERT INTO `acl_role_permission` VALUES ('1317414997740204037', '1317414962134757377', '1195270744097742849', 0, '2020-10-17 18:39:47', '2020-10-17 18:39:47');
INSERT INTO `acl_role_permission` VALUES ('1317414997740204038', '1317414962134757377', '1195270810560684034', 0, '2020-10-17 18:39:47', '2020-10-17 18:39:47');
INSERT INTO `acl_role_permission` VALUES ('1317414997740204039', '1317414962134757377', '1195270862100291586', 0, '2020-10-17 18:39:47', '2020-10-17 18:39:47');
INSERT INTO `acl_role_permission` VALUES ('1317414997744398337', '1317414962134757377', '1195270887933009922', 0, '2020-10-17 18:39:47', '2020-10-17 18:39:47');
INSERT INTO `acl_role_permission` VALUES ('1320734483453026305', '1317420074743869442', '1', 0, '2020-10-26 22:30:14', '2020-10-26 22:30:14');
INSERT INTO `acl_role_permission` VALUES ('1320734483453026306', '1317420074743869442', '1195268474480156673', 0, '2020-10-26 22:30:14', '2020-10-26 22:30:14');
INSERT INTO `acl_role_permission` VALUES ('1320734483453026307', '1317420074743869442', '1195268616021139457', 0, '2020-10-26 22:30:14', '2020-10-26 22:30:14');
INSERT INTO `acl_role_permission` VALUES ('1320734483453026308', '1317420074743869442', '1195269143060602882', 0, '2020-10-26 22:30:14', '2020-10-26 22:30:14');
INSERT INTO `acl_role_permission` VALUES ('1320734483453026309', '1317420074743869442', '1195269295926206466', 0, '2020-10-26 22:30:14', '2020-10-26 22:30:14');
INSERT INTO `acl_role_permission` VALUES ('1320734483453026310', '1317420074743869442', '1195269473479483394', 0, '2020-10-26 22:30:14', '2020-10-26 22:30:14');
INSERT INTO `acl_role_permission` VALUES ('1320734483453026311', '1317420074743869442', '1195269547269873666', 0, '2020-10-26 22:30:14', '2020-10-26 22:30:14');
INSERT INTO `acl_role_permission` VALUES ('1320734483453026312', '1317420074743869442', '1196301740985311234', 0, '2020-10-26 22:30:14', '2020-10-26 22:30:14');
INSERT INTO `acl_role_permission` VALUES ('1320734483453026313', '1317420074743869442', '1195268788138598401', 0, '2020-10-26 22:30:14', '2020-10-26 22:30:14');
INSERT INTO `acl_role_permission` VALUES ('1320734483453026314', '1317420074743869442', '1195269821262782465', 0, '2020-10-26 22:30:14', '2020-10-26 22:30:14');
INSERT INTO `acl_role_permission` VALUES ('1320734483453026315', '1317420074743869442', '1195269903542444034', 0, '2020-10-26 22:30:14', '2020-10-26 22:30:14');
INSERT INTO `acl_role_permission` VALUES ('1320734483453026316', '1317420074743869442', '1195270037005197313', 0, '2020-10-26 22:30:14', '2020-10-26 22:30:14');
INSERT INTO `acl_role_permission` VALUES ('1320734483453026317', '1317420074743869442', '1195270442602782721', 0, '2020-10-26 22:30:14', '2020-10-26 22:30:14');
INSERT INTO `acl_role_permission` VALUES ('1320734483453026318', '1317420074743869442', '1195270621548568578', 0, '2020-10-26 22:30:14', '2020-10-26 22:30:14');
INSERT INTO `acl_role_permission` VALUES ('1320734483453026319', '1317420074743869442', '1195268893830864898', 0, '2020-10-26 22:30:14', '2020-10-26 22:30:14');
INSERT INTO `acl_role_permission` VALUES ('1320734483453026320', '1317420074743869442', '1195270744097742849', 0, '2020-10-26 22:30:14', '2020-10-26 22:30:14');
INSERT INTO `acl_role_permission` VALUES ('1320734483486580737', '1317420074743869442', '1195270810560684034', 0, '2020-10-26 22:30:14', '2020-10-26 22:30:14');
INSERT INTO `acl_role_permission` VALUES ('1320734483486580738', '1317420074743869442', '1195270862100291586', 0, '2020-10-26 22:30:14', '2020-10-26 22:30:14');
INSERT INTO `acl_role_permission` VALUES ('1320734483486580739', '1317420074743869442', '1195270887933009922', 0, '2020-10-26 22:30:14', '2020-10-26 22:30:14');
INSERT INTO `acl_role_permission` VALUES ('1320734483486580740', '1317420074743869442', '1195349439240048642', 0, '2020-10-26 22:30:14', '2020-10-26 22:30:14');
INSERT INTO `acl_role_permission` VALUES ('1320734483486580741', '1317420074743869442', '1195349699995734017', 0, '2020-10-26 22:30:14', '2020-10-26 22:30:14');
INSERT INTO `acl_role_permission` VALUES ('1320734483486580742', '1317420074743869442', '1195349979797753857', 0, '2020-10-26 22:30:14', '2020-10-26 22:30:14');
INSERT INTO `acl_role_permission` VALUES ('1320734483486580743', '1317420074743869442', '1195350117270261762', 0, '2020-10-26 22:30:14', '2020-10-26 22:30:14');
INSERT INTO `acl_role_permission` VALUES ('1320734483486580744', '1317420074743869442', '1195350188359520258', 0, '2020-10-26 22:30:14', '2020-10-26 22:30:14');
INSERT INTO `acl_role_permission` VALUES ('1320734483486580745', '1317420074743869442', '1195349810561781761', 0, '2020-10-26 22:30:14', '2020-10-26 22:30:14');
INSERT INTO `acl_role_permission` VALUES ('1320734483486580746', '1317420074743869442', '1195349876252971010', 0, '2020-10-26 22:30:14', '2020-10-26 22:30:14');
INSERT INTO `acl_role_permission` VALUES ('1345648116171382786', '1317405981215535106', '1', 0, '2021-01-03 16:28:06', '2021-01-03 16:28:06');
INSERT INTO `acl_role_permission` VALUES ('1345648116183965697', '1317405981215535106', '1195350831744782337', 0, '2021-01-03 16:28:06', '2021-01-03 16:28:06');
INSERT INTO `acl_role_permission` VALUES ('1345648116192354305', '1317405981215535106', '1195268474480156673', 0, '2021-01-03 16:28:06', '2021-01-03 16:28:06');
INSERT INTO `acl_role_permission` VALUES ('1345648116192354306', '1317405981215535106', '1195268616021139457', 0, '2021-01-03 16:28:06', '2021-01-03 16:28:06');
INSERT INTO `acl_role_permission` VALUES ('1345648116200742914', '1317405981215535106', '1195269143060602882', 0, '2021-01-03 16:28:06', '2021-01-03 16:28:06');
INSERT INTO `acl_role_permission` VALUES ('1345648116204937218', '1317405981215535106', '1195269295926206466', 0, '2021-01-03 16:28:06', '2021-01-03 16:28:06');
INSERT INTO `acl_role_permission` VALUES ('1345648116204937219', '1317405981215535106', '1195269473479483394', 0, '2021-01-03 16:28:06', '2021-01-03 16:28:06');
INSERT INTO `acl_role_permission` VALUES ('1345648116204937220', '1317405981215535106', '1195269547269873666', 0, '2021-01-03 16:28:06', '2021-01-03 16:28:06');
INSERT INTO `acl_role_permission` VALUES ('1345648116204937221', '1317405981215535106', '1196301740985311234', 0, '2021-01-03 16:28:06', '2021-01-03 16:28:06');
INSERT INTO `acl_role_permission` VALUES ('1345648116213325825', '1317405981215535106', '1195268788138598401', 0, '2021-01-03 16:28:06', '2021-01-03 16:28:06');
INSERT INTO `acl_role_permission` VALUES ('1345648116213325826', '1317405981215535106', '1195269821262782465', 0, '2021-01-03 16:28:06', '2021-01-03 16:28:06');
INSERT INTO `acl_role_permission` VALUES ('1345648116213325827', '1317405981215535106', '1195269903542444034', 0, '2021-01-03 16:28:06', '2021-01-03 16:28:06');
INSERT INTO `acl_role_permission` VALUES ('1345648116213325828', '1317405981215535106', '1195270037005197313', 0, '2021-01-03 16:28:06', '2021-01-03 16:28:06');
INSERT INTO `acl_role_permission` VALUES ('1345648116213325829', '1317405981215535106', '1195270442602782721', 0, '2021-01-03 16:28:06', '2021-01-03 16:28:06');
INSERT INTO `acl_role_permission` VALUES ('1345648116221714434', '1317405981215535106', '1195270621548568578', 0, '2021-01-03 16:28:06', '2021-01-03 16:28:06');
INSERT INTO `acl_role_permission` VALUES ('1345648116221714435', '1317405981215535106', '1195268893830864898', 0, '2021-01-03 16:28:06', '2021-01-03 16:28:06');
INSERT INTO `acl_role_permission` VALUES ('1345648116230103041', '1317405981215535106', '1195270744097742849', 0, '2021-01-03 16:28:06', '2021-01-03 16:28:06');
INSERT INTO `acl_role_permission` VALUES ('1345648116230103042', '1317405981215535106', '1195270810560684034', 0, '2021-01-03 16:28:07', '2021-01-03 16:28:07');
INSERT INTO `acl_role_permission` VALUES ('1345648116230103043', '1317405981215535106', '1195270862100291586', 0, '2021-01-03 16:28:07', '2021-01-03 16:28:07');
INSERT INTO `acl_role_permission` VALUES ('1345648116238491650', '1317405981215535106', '1195270887933009922', 0, '2021-01-03 16:28:07', '2021-01-03 16:28:07');
INSERT INTO `acl_role_permission` VALUES ('1345648116238491651', '1317405981215535106', '1195350919074385921', 0, '2021-01-03 16:28:07', '2021-01-03 16:28:07');
INSERT INTO `acl_role_permission` VALUES ('1345648116238491652', '1317405981215535106', '1195351159672246274', 0, '2021-01-03 16:28:07', '2021-01-03 16:28:07');
INSERT INTO `acl_role_permission` VALUES ('1345648116238491653', '1317405981215535106', '1195351326706208770', 0, '2021-01-03 16:28:07', '2021-01-03 16:28:07');
INSERT INTO `acl_role_permission` VALUES ('1345648116238491654', '1317405981215535106', '1195351566221938690', 0, '2021-01-03 16:28:07', '2021-01-03 16:28:07');
INSERT INTO `acl_role_permission` VALUES ('1345648116246880258', '1317405981215535106', '1195351862889254913', 0, '2021-01-03 16:28:07', '2021-01-03 16:28:07');
INSERT INTO `acl_role_permission` VALUES ('1345648116246880259', '1317405981215535106', '1195352054917074946', 0, '2021-01-03 16:28:07', '2021-01-03 16:28:07');
INSERT INTO `acl_role_permission` VALUES ('1345648116246880260', '1317405981215535106', '1195352127734386690', 0, '2021-01-03 16:28:07', '2021-01-03 16:28:07');
INSERT INTO `acl_role_permission` VALUES ('1347425677897453569', '1320740134564634625', '1', 0, '2021-01-08 14:11:30', '2021-01-08 14:11:30');
INSERT INTO `acl_role_permission` VALUES ('1347425677918425089', '1320740134564634625', '1195350831744782337', 0, '2021-01-08 14:11:30', '2021-01-08 14:11:30');
INSERT INTO `acl_role_permission` VALUES ('1347425677918425090', '1320740134564634625', '1195268474480156673', 0, '2021-01-08 14:11:30', '2021-01-08 14:11:30');
INSERT INTO `acl_role_permission` VALUES ('1347425677918425091', '1320740134564634625', '1195268616021139457', 0, '2021-01-08 14:11:30', '2021-01-08 14:11:30');
INSERT INTO `acl_role_permission` VALUES ('1347425677926813698', '1320740134564634625', '1195269143060602882', 0, '2021-01-08 14:11:30', '2021-01-08 14:11:30');
INSERT INTO `acl_role_permission` VALUES ('1347425677926813699', '1320740134564634625', '1195269295926206466', 0, '2021-01-08 14:11:30', '2021-01-08 14:11:30');
INSERT INTO `acl_role_permission` VALUES ('1347425677926813700', '1320740134564634625', '1195269473479483394', 0, '2021-01-08 14:11:30', '2021-01-08 14:11:30');
INSERT INTO `acl_role_permission` VALUES ('1347425677935202306', '1320740134564634625', '1195269547269873666', 0, '2021-01-08 14:11:30', '2021-01-08 14:11:30');
INSERT INTO `acl_role_permission` VALUES ('1347425677935202307', '1320740134564634625', '1196301740985311234', 0, '2021-01-08 14:11:30', '2021-01-08 14:11:30');
INSERT INTO `acl_role_permission` VALUES ('1347425677935202308', '1320740134564634625', '1195268788138598401', 0, '2021-01-08 14:11:30', '2021-01-08 14:11:30');
INSERT INTO `acl_role_permission` VALUES ('1347425677943590914', '1320740134564634625', '1195269821262782465', 0, '2021-01-08 14:11:30', '2021-01-08 14:11:30');
INSERT INTO `acl_role_permission` VALUES ('1347425677943590915', '1320740134564634625', '1195269903542444034', 0, '2021-01-08 14:11:30', '2021-01-08 14:11:30');
INSERT INTO `acl_role_permission` VALUES ('1347425677943590916', '1320740134564634625', '1195270037005197313', 0, '2021-01-08 14:11:30', '2021-01-08 14:11:30');
INSERT INTO `acl_role_permission` VALUES ('1347425677951979522', '1320740134564634625', '1195270442602782721', 0, '2021-01-08 14:11:30', '2021-01-08 14:11:30');
INSERT INTO `acl_role_permission` VALUES ('1347425677951979523', '1320740134564634625', '1195270621548568578', 0, '2021-01-08 14:11:30', '2021-01-08 14:11:30');
INSERT INTO `acl_role_permission` VALUES ('1347425677951979524', '1320740134564634625', '1195268893830864898', 0, '2021-01-08 14:11:30', '2021-01-08 14:11:30');
INSERT INTO `acl_role_permission` VALUES ('1347425677951979525', '1320740134564634625', '1195270744097742849', 0, '2021-01-08 14:11:30', '2021-01-08 14:11:30');
INSERT INTO `acl_role_permission` VALUES ('1347425677951979526', '1320740134564634625', '1195270810560684034', 0, '2021-01-08 14:11:30', '2021-01-08 14:11:30');
INSERT INTO `acl_role_permission` VALUES ('1347425677964562434', '1320740134564634625', '1195270862100291586', 0, '2021-01-08 14:11:30', '2021-01-08 14:11:30');
INSERT INTO `acl_role_permission` VALUES ('1347425677964562435', '1320740134564634625', '1195270887933009922', 0, '2021-01-08 14:11:30', '2021-01-08 14:11:30');
INSERT INTO `acl_role_permission` VALUES ('1347425677964562436', '1320740134564634625', '1195349439240048642', 0, '2021-01-08 14:11:30', '2021-01-08 14:11:30');
INSERT INTO `acl_role_permission` VALUES ('1347425677964562437', '1320740134564634625', '1195349699995734017', 0, '2021-01-08 14:11:30', '2021-01-08 14:11:30');
INSERT INTO `acl_role_permission` VALUES ('1347425677964562438', '1320740134564634625', '1195349979797753857', 0, '2021-01-08 14:11:30', '2021-01-08 14:11:30');
INSERT INTO `acl_role_permission` VALUES ('1347425677972951042', '1320740134564634625', '1195350117270261762', 0, '2021-01-08 14:11:30', '2021-01-08 14:11:30');
INSERT INTO `acl_role_permission` VALUES ('1347425677972951043', '1320740134564634625', '1195350188359520258', 0, '2021-01-08 14:11:30', '2021-01-08 14:11:30');
INSERT INTO `acl_role_permission` VALUES ('1347425677972951044', '1320740134564634625', '1195349810561781761', 0, '2021-01-08 14:11:30', '2021-01-08 14:11:30');
INSERT INTO `acl_role_permission` VALUES ('1347425677977145345', '1320740134564634625', '1195349876252971010', 0, '2021-01-08 14:11:30', '2021-01-08 14:11:30');
INSERT INTO `acl_role_permission` VALUES ('1347425677977145346', '1320740134564634625', '1195350299365969922', 0, '2021-01-08 14:11:30', '2021-01-08 14:11:30');
INSERT INTO `acl_role_permission` VALUES ('1347425677977145347', '1320740134564634625', '1195350397751758850', 0, '2021-01-08 14:11:30', '2021-01-08 14:11:30');
INSERT INTO `acl_role_permission` VALUES ('1347425677977145348', '1320740134564634625', '1195350612172967938', 0, '2021-01-08 14:11:30', '2021-01-08 14:11:30');
INSERT INTO `acl_role_permission` VALUES ('1347425677985533954', '1320740134564634625', '1195350500512206850', 0, '2021-01-08 14:11:30', '2021-01-08 14:11:30');
INSERT INTO `acl_role_permission` VALUES ('1347425678270746626', '1320740134564634625', '1195350687590748161', 0, '2021-01-08 14:11:30', '2021-01-08 14:11:30');
INSERT INTO `acl_role_permission` VALUES ('1347425678270746627', '1320740134564634625', '1195350919074385921', 0, '2021-01-08 14:11:30', '2021-01-08 14:11:30');
INSERT INTO `acl_role_permission` VALUES ('1347425678270746628', '1320740134564634625', '1195351159672246274', 0, '2021-01-08 14:11:30', '2021-01-08 14:11:30');
INSERT INTO `acl_role_permission` VALUES ('1347425678279135234', '1320740134564634625', '1195351326706208770', 0, '2021-01-08 14:11:30', '2021-01-08 14:11:30');
INSERT INTO `acl_role_permission` VALUES ('1347425678279135235', '1320740134564634625', '1195351566221938690', 0, '2021-01-08 14:11:30', '2021-01-08 14:11:30');
INSERT INTO `acl_role_permission` VALUES ('1347425678279135236', '1320740134564634625', '1195351862889254913', 0, '2021-01-08 14:11:30', '2021-01-08 14:11:30');
INSERT INTO `acl_role_permission` VALUES ('1347425678279135237', '1320740134564634625', '1195352054917074946', 0, '2021-01-08 14:11:30', '2021-01-08 14:11:30');
INSERT INTO `acl_role_permission` VALUES ('1347425678279135238', '1320740134564634625', '1195352127734386690', 0, '2021-01-08 14:11:30', '2021-01-08 14:11:30');
INSERT INTO `acl_role_permission` VALUES ('1347425678279135239', '1320740134564634625', '1195352547621965825', 0, '2021-01-08 14:11:30', '2021-01-08 14:11:30');
INSERT INTO `acl_role_permission` VALUES ('1347425678279135240', '1320740134564634625', '1195353513549205505', 0, '2021-01-08 14:11:30', '2021-01-08 14:11:30');
INSERT INTO `acl_role_permission` VALUES ('1347425678287523842', '1320740134564634625', '1195352856645701633', 0, '2021-01-08 14:11:30', '2021-01-08 14:11:30');
INSERT INTO `acl_role_permission` VALUES ('1347425678287523843', '1320740134564634625', '1195353051395624961', 0, '2021-01-08 14:11:30', '2021-01-08 14:11:30');
INSERT INTO `acl_role_permission` VALUES ('1347425678287523844', '1320740134564634625', '1195353672110673921', 0, '2021-01-08 14:11:30', '2021-01-08 14:11:30');
INSERT INTO `acl_role_permission` VALUES ('1347425678287523845', '1320740134564634625', '1321247674285129730', 0, '2021-01-08 14:11:30', '2021-01-08 14:11:30');
INSERT INTO `acl_role_permission` VALUES ('1347425678287523846', '1320740134564634625', '1321248005077303297', 0, '2021-01-08 14:11:30', '2021-01-08 14:11:30');
INSERT INTO `acl_role_permission` VALUES ('1348258942287872002', '1348258647604461570', '1', 0, '2021-01-10 21:22:36', '2021-01-10 21:22:36');
INSERT INTO `acl_role_permission` VALUES ('1348258942292066305', '1348258647604461570', '1195268474480156673', 0, '2021-01-10 21:22:36', '2021-01-10 21:22:36');
INSERT INTO `acl_role_permission` VALUES ('1348258942292066306', '1348258647604461570', '1195268893830864898', 0, '2021-01-10 21:22:36', '2021-01-10 21:22:36');
INSERT INTO `acl_role_permission` VALUES ('1348258942292066307', '1348258647604461570', '1195270744097742849', 0, '2021-01-10 21:22:36', '2021-01-10 21:22:36');
INSERT INTO `acl_role_permission` VALUES ('1348258942292066308', '1348258647604461570', '1195270810560684034', 0, '2021-01-10 21:22:36', '2021-01-10 21:22:36');
INSERT INTO `acl_role_permission` VALUES ('1348258942292066309', '1348258647604461570', '1195270862100291586', 0, '2021-01-10 21:22:36', '2021-01-10 21:22:36');
INSERT INTO `acl_role_permission` VALUES ('1348258942292066310', '1348258647604461570', '1195270887933009922', 0, '2021-01-10 21:22:36', '2021-01-10 21:22:36');
INSERT INTO `acl_role_permission` VALUES ('1348258942300454913', '1348258647604461570', '1195349439240048642', 0, '2021-01-10 21:22:36', '2021-01-10 21:22:36');
INSERT INTO `acl_role_permission` VALUES ('1348258942300454914', '1348258647604461570', '1195349699995734017', 0, '2021-01-10 21:22:36', '2021-01-10 21:22:36');
INSERT INTO `acl_role_permission` VALUES ('1348258942300454915', '1348258647604461570', '1195349979797753857', 0, '2021-01-10 21:22:36', '2021-01-10 21:22:36');
INSERT INTO `acl_role_permission` VALUES ('1348258942300454916', '1348258647604461570', '1195350117270261762', 0, '2021-01-10 21:22:36', '2021-01-10 21:22:36');
INSERT INTO `acl_role_permission` VALUES ('1348258942300454917', '1348258647604461570', '1195350188359520258', 0, '2021-01-10 21:22:36', '2021-01-10 21:22:36');
INSERT INTO `acl_role_permission` VALUES ('1348258942300454918', '1348258647604461570', '1195349810561781761', 0, '2021-01-10 21:22:36', '2021-01-10 21:22:36');
INSERT INTO `acl_role_permission` VALUES ('1348258942308843522', '1348258647604461570', '1195349876252971010', 0, '2021-01-10 21:22:36', '2021-01-10 21:22:36');
INSERT INTO `acl_role_permission` VALUES ('1348258942308843523', '1348258647604461570', '1342708141201268741', 0, '2021-01-10 21:22:36', '2021-01-10 21:22:36');
INSERT INTO `acl_role_permission` VALUES ('1348258942308843524', '1348258647604461570', '1343356930404491265', 0, '2021-01-10 21:22:36', '2021-01-10 21:22:36');
INSERT INTO `acl_role_permission` VALUES ('1348258942308843525', '1348258647604461570', '1343357156406173698', 0, '2021-01-10 21:22:36', '2021-01-10 21:22:36');
INSERT INTO `acl_role_permission` VALUES ('1348258942308843526', '1348258647604461570', '1343391393633095681', 0, '2021-01-10 21:22:36', '2021-01-10 21:22:36');
INSERT INTO `acl_role_permission` VALUES ('1348258942308843527', '1348258647604461570', '1343391678849961986', 0, '2021-01-10 21:22:36', '2021-01-10 21:22:36');
INSERT INTO `acl_role_permission` VALUES ('1348258942308843528', '1348258647604461570', '1343439511963652097', 0, '2021-01-10 21:22:36', '2021-01-10 21:22:36');
INSERT INTO `acl_role_permission` VALUES ('1348258942308843529', '1348258647604461570', '1343431461915676674', 0, '2021-01-10 21:22:36', '2021-01-10 21:22:36');
INSERT INTO `acl_role_permission` VALUES ('1348258942317232129', '1348258647604461570', '1343431871174889474', 0, '2021-01-10 21:22:36', '2021-01-10 21:22:36');
INSERT INTO `acl_role_permission` VALUES ('1348258942317232130', '1348258647604461570', '1343432231939559426', 0, '2021-01-10 21:22:36', '2021-01-10 21:22:36');
INSERT INTO `acl_role_permission` VALUES ('1348258942317232131', '1348258647604461570', '1343432444121010178', 0, '2021-01-10 21:22:36', '2021-01-10 21:22:36');
INSERT INTO `acl_role_permission` VALUES ('1348258942317232132', '1348258647604461570', '1343432684827922433', 0, '2021-01-10 21:22:36', '2021-01-10 21:22:36');
INSERT INTO `acl_role_permission` VALUES ('1348466588479729665', '1348466543768449025', '1', 0, '2021-01-11 11:07:43', '2021-01-11 11:07:43');
INSERT INTO `acl_role_permission` VALUES ('1348466588488118273', '1348466543768449025', '1342708141201268741', 0, '2021-01-11 11:07:43', '2021-01-11 11:07:43');
INSERT INTO `acl_role_permission` VALUES ('1348466588488118274', '1348466543768449025', '1343356930404491265', 0, '2021-01-11 11:07:43', '2021-01-11 11:07:43');
INSERT INTO `acl_role_permission` VALUES ('1348466588488118275', '1348466543768449025', '1343357156406173698', 0, '2021-01-11 11:07:43', '2021-01-11 11:07:43');
INSERT INTO `acl_role_permission` VALUES ('1348466588488118276', '1348466543768449025', '1343391393633095681', 0, '2021-01-11 11:07:43', '2021-01-11 11:07:43');
INSERT INTO `acl_role_permission` VALUES ('1348466588488118277', '1348466543768449025', '1343391678849961986', 0, '2021-01-11 11:07:43', '2021-01-11 11:07:43');
INSERT INTO `acl_role_permission` VALUES ('1348466588496506881', '1348466543768449025', '1343439511963652097', 0, '2021-01-11 11:07:43', '2021-01-11 11:07:43');
INSERT INTO `acl_role_permission` VALUES ('1348466588496506882', '1348466543768449025', '1343431461915676674', 0, '2021-01-11 11:07:43', '2021-01-11 11:07:43');
INSERT INTO `acl_role_permission` VALUES ('1348466588496506883', '1348466543768449025', '1343431871174889474', 0, '2021-01-11 11:07:43', '2021-01-11 11:07:43');
INSERT INTO `acl_role_permission` VALUES ('1348466588496506884', '1348466543768449025', '1343432231939559426', 0, '2021-01-11 11:07:43', '2021-01-11 11:07:43');
INSERT INTO `acl_role_permission` VALUES ('1348466588504895490', '1348466543768449025', '1343432444121010178', 0, '2021-01-11 11:07:43', '2021-01-11 11:07:43');
INSERT INTO `acl_role_permission` VALUES ('1348466588504895491', '1348466543768449025', '1343432684827922433', 0, '2021-01-11 11:07:43', '2021-01-11 11:07:43');

-- ----------------------------
-- Table structure for acl_user
-- ----------------------------
DROP TABLE IF EXISTS `acl_user`;
CREATE TABLE `acl_user`  (
  `id` char(19) CHARACTER SET utf8mb4 COLLATE utf8mb4_general_ci NOT NULL COMMENT '会员id',
  `username` varchar(20) CHARACTER SET utf8mb4 COLLATE utf8mb4_general_ci NOT NULL DEFAULT '' COMMENT '微信openid',
  `password` varchar(32) CHARACTER SET utf8mb4 COLLATE utf8mb4_general_ci NOT NULL DEFAULT '' COMMENT '密码',
  `nick_name` varchar(50) CHARACTER SET utf8mb4 COLLATE utf8mb4_general_ci NULL DEFAULT NULL COMMENT '昵称',
  `salt` varchar(255) CHARACTER SET utf8mb4 COLLATE utf8mb4_general_ci NULL DEFAULT NULL COMMENT '用户头像',
  `token` varchar(100) CHARACTER SET utf8mb4 COLLATE utf8mb4_general_ci NULL DEFAULT NULL COMMENT '用户签名',
  `is_deleted` tinyint(1) UNSIGNED NOT NULL DEFAULT 0 COMMENT '逻辑删除 1（true）已删除， 0（false）未删除',
  `gmt_create` datetime(0) NOT NULL COMMENT '创建时间',
  `gmt_modified` datetime(0) NOT NULL COMMENT '更新时间',
  PRIMARY KEY (`id`) USING BTREE,
  UNIQUE INDEX `uk_username`(`username`) USING BTREE
) ENGINE = InnoDB CHARACTER SET = utf8mb4 COLLATE = utf8mb4_general_ci COMMENT = '用户表' ROW_FORMAT = DYNAMIC;

-- ----------------------------
-- Records of acl_user
-- ----------------------------
INSERT INTO `acl_user` VALUES ('1', 'admin', 'e10adc3949ba59abbe56e057f20f883e', 'admin1', '', NULL, 0, '2019-11-01 10:39:47', '2020-12-07 15:42:02');
INSERT INTO `acl_user` VALUES ('1317415062768693250', 'andy1', 'e10adc3949ba59abbe56e057f20f883e', 'andy1', NULL, NULL, 0, '2020-10-17 18:40:02', '2020-12-29 18:31:43');
INSERT INTO `acl_user` VALUES ('1348259360015384577', 'user01', 'e10adc3949ba59abbe56e057f20f883e', 'user01', NULL, NULL, 0, '2021-01-10 21:24:16', '2021-01-10 21:24:16');
INSERT INTO `acl_user` VALUES ('1348259412561625090', 'user02', 'e10adc3949ba59abbe56e057f20f883e', 'user02', NULL, NULL, 0, '2021-01-10 21:24:28', '2021-01-10 21:24:28');
INSERT INTO `acl_user` VALUES ('1348434355874242562', 'test', 'e10adc3949ba59abbe56e057f20f883e', 'test', NULL, NULL, 0, '2021-01-11 08:59:38', '2021-01-11 08:59:38');
INSERT INTO `acl_user` VALUES ('1348466643148288001', '测试', 'e10adc3949ba59abbe56e057f20f883e', '测试', NULL, NULL, 0, '2021-01-11 11:07:56', '2021-01-11 11:07:56');

-- ----------------------------
-- Table structure for acl_user_role
-- ----------------------------
DROP TABLE IF EXISTS `acl_user_role`;
CREATE TABLE `acl_user_role`  (
  `id` char(19) CHARACTER SET utf8 COLLATE utf8_general_ci NOT NULL DEFAULT '' COMMENT '主键id',
  `role_id` char(19) CHARACTER SET utf8 COLLATE utf8_general_ci NOT NULL DEFAULT '0' COMMENT '角色id',
  `user_id` char(19) CHARACTER SET utf8 COLLATE utf8_general_ci NOT NULL DEFAULT '0' COMMENT '用户id',
  `is_deleted` tinyint(1) UNSIGNED NOT NULL DEFAULT 0 COMMENT '逻辑删除 1（true）已删除， 0（false）未删除',
  `gmt_create` datetime(0) NOT NULL COMMENT '创建时间',
  `gmt_modified` datetime(0) NOT NULL COMMENT '更新时间',
  PRIMARY KEY (`id`) USING BTREE,
  INDEX `idx_role_id`(`role_id`) USING BTREE,
  INDEX `idx_user_id`(`user_id`) USING BTREE
) ENGINE = InnoDB CHARACTER SET = utf8 COLLATE = utf8_general_ci ROW_FORMAT = DYNAMIC;

-- ----------------------------
-- Records of acl_user_role
-- ----------------------------
INSERT INTO `acl_user_role` VALUES ('1', '1', '2', 0, '2019-11-11 13:09:53', '2019-11-11 13:09:53');
INSERT INTO `acl_user_role` VALUES ('1317409816415809538', '1317409627688906754', '1317406400260059137', 0, '2020-10-17 18:19:11', '2020-10-17 18:19:11');
INSERT INTO `acl_user_role` VALUES ('1317412188282138625', '1317409627688906754', '1317335942932172802', 0, '2020-10-17 18:28:37', '2020-10-17 18:28:37');
INSERT INTO `acl_user_role` VALUES ('1317412755461091330', '1317412567547883522', '1317412729036976130', 0, '2020-10-17 18:30:52', '2020-10-17 18:30:52');
INSERT INTO `acl_user_role` VALUES ('1317420413970788353', '1317420074743869442', '1317420378075934722', 0, '2020-10-17 19:01:18', '2020-10-17 19:01:18');
INSERT INTO `acl_user_role` VALUES ('1320739373663363073', '1317405981215535106', '1317415062768693250', 0, '2020-10-26 22:49:39', '2020-10-26 22:49:39');
INSERT INTO `acl_user_role` VALUES ('1320746221544124418', '1320740134564634625', '1320740367356895234', 0, '2020-10-26 23:16:52', '2020-10-26 23:16:52');
INSERT INTO `acl_user_role` VALUES ('1343867307676532738', '1317405981215535106', '1320733792298835969', 0, '2020-12-29 18:31:49', '2020-12-29 18:31:49');
INSERT INTO `acl_user_role` VALUES ('1346801545220677633', '1320740134564634625', '1345648316101271553', 0, '2021-01-06 20:51:25', '2021-01-06 20:51:25');
INSERT INTO `acl_user_role` VALUES ('1348258758887735297', '1348258647604461570', '1348258375385743362', 0, '2021-01-10 21:21:52', '2021-01-10 21:21:52');
INSERT INTO `acl_user_role` VALUES ('1348467002931490817', '1348466543768449025', '1348434355874242562', 0, '2021-01-11 11:09:21', '2021-01-11 11:09:21');

-- ----------------------------
-- Table structure for crm_banner
-- ----------------------------
DROP TABLE IF EXISTS `crm_banner`;
CREATE TABLE `crm_banner`  (
  `id` char(19) CHARACTER SET utf8mb4 COLLATE utf8mb4_general_ci NOT NULL DEFAULT '' COMMENT 'ID',
  `title` varchar(20) CHARACTER SET utf8mb4 COLLATE utf8mb4_general_ci NULL DEFAULT '' COMMENT '标题',
  `image_url` varchar(500) CHARACTER SET utf8mb4 COLLATE utf8mb4_general_ci NOT NULL DEFAULT '' COMMENT '图片地址',
  `link_url` varchar(500) CHARACTER SET utf8mb4 COLLATE utf8mb4_general_ci NULL DEFAULT '' COMMENT '链接地址',
  `sort` int(10) UNSIGNED NOT NULL DEFAULT 0 COMMENT '排序',
  `is_deleted` tinyint(1) UNSIGNED NOT NULL DEFAULT 0 COMMENT '逻辑删除 1（true）已删除， 0（false）未删除',
  `gmt_create` datetime(0) NOT NULL COMMENT '创建时间',
  `gmt_modified` datetime(0) NOT NULL COMMENT '更新时间',
  PRIMARY KEY (`id`) USING BTREE,
  UNIQUE INDEX `uk_name`(`title`) USING BTREE
) ENGINE = InnoDB CHARACTER SET = utf8mb4 COLLATE = utf8mb4_general_ci COMMENT = '首页banner表' ROW_FORMAT = DYNAMIC;

-- ----------------------------
-- Records of crm_banner
-- ----------------------------
INSERT INTO `crm_banner` VALUES ('1194607458461216769', 'banner01', 'https://edu-wyw.oss-cn-beijing.aliyuncs.com/%E5%B0%8F%E5%AD%A6%E6%95%B0%E5%AD%A6%E5%9C%A8%E7%BA%BF%E6%95%99%E8%82%B2/%E9%A6%96%E9%A1%B5%E8%BD%AE%E6%92%AD%E5%9B%BE/%E9%98%B3%E5%85%89%E4%B8%8B%E6%88%90%E9%95%BF.jpg', '/teacher', 2, 0, '2020-10-13 21:26:27', '2021-01-08 14:27:02');
INSERT INTO `crm_banner` VALUES ('1347070017617362946', 'banner02', 'https://edu-wyw.oss-cn-beijing.aliyuncs.com/2021/01/07/4d6d74abb19d49ada76f2e5291c0b476banner03.jpg', '', 0, 0, '2021-01-07 14:38:14', '2021-01-08 14:27:11');
INSERT INTO `crm_banner` VALUES ('1347071095691902978', 'banner03', 'https://edu-wyw.oss-cn-beijing.aliyuncs.com/2021/01/07/80e68d32cfdb499789806852cb12a6d0banner06.jpg', '', 0, 0, '2021-01-07 14:42:31', '2021-01-08 14:27:22');
INSERT INTO `crm_banner` VALUES ('1347071486471012354', 'banner04', 'https://edu-wyw.oss-cn-beijing.aliyuncs.com/2021/01/07/9424d53f285b4eb2b8715252d5fd8fd8banner05.jpg', '', 0, 0, '2021-01-07 14:44:04', '2021-01-08 14:27:31');

-- ----------------------------
-- Table structure for edu_chapter
-- ----------------------------
DROP TABLE IF EXISTS `edu_chapter`;
CREATE TABLE `edu_chapter`  (
  `id` char(19) CHARACTER SET utf8mb4 COLLATE utf8mb4_general_ci NOT NULL COMMENT '章节ID',
  `course_id` char(19) CHARACTER SET utf8mb4 COLLATE utf8mb4_general_ci NOT NULL COMMENT '课程ID',
  `title` varchar(50) CHARACTER SET utf8mb4 COLLATE utf8mb4_general_ci NOT NULL COMMENT '章节名称',
  `sort` int(10) UNSIGNED NOT NULL DEFAULT 0 COMMENT '显示排序',
  `gmt_create` datetime(0) NOT NULL COMMENT '创建时间',
  `gmt_modified` datetime(0) NOT NULL COMMENT '更新时间',
  PRIMARY KEY (`id`) USING BTREE,
  INDEX `idx_course_id`(`course_id`) USING BTREE
) ENGINE = InnoDB CHARACTER SET = utf8mb4 COLLATE = utf8mb4_general_ci COMMENT = '课程' ROW_FORMAT = COMPACT;

-- ----------------------------
-- Records of edu_chapter
-- ----------------------------
INSERT INTO `edu_chapter` VALUES ('1312412021309034498', '1', '第一单元', 1, '2020-10-03 23:19:44', '2020-10-15 15:41:07');
INSERT INTO `edu_chapter` VALUES ('1312412112379957249', '1312412095137173505', '第一单元 ', 0, '2020-10-03 23:20:06', '2020-10-15 15:40:16');
INSERT INTO `edu_chapter` VALUES ('1314032871883907073', '1314032816657506305', '第一章', 0, '2020-10-08 10:40:25', '2020-10-08 10:40:25');
INSERT INTO `edu_chapter` VALUES ('1314033043196059649', '1314032816657506305', '第二章', 0, '2020-10-08 10:41:06', '2020-10-08 10:41:06');
INSERT INTO `edu_chapter` VALUES ('1314033779346743298', '1314033740306161665', '第一章', 0, '2020-10-08 10:44:01', '2020-10-08 10:44:01');
INSERT INTO `edu_chapter` VALUES ('1314034295841726466', '1314034253835771906', '第一单元', 0, '2020-10-08 10:46:04', '2020-10-15 15:24:20');
INSERT INTO `edu_chapter` VALUES ('1316374191138885633', '1316374156540071937', '第一单元', 0, '2020-10-14 21:43:59', '2020-10-14 21:43:59');
INSERT INTO `edu_chapter` VALUES ('1316374223007207426', '1316374156540071937', '第二单元', 0, '2020-10-14 21:44:06', '2020-10-14 21:44:06');
INSERT INTO `edu_chapter` VALUES ('1316374252467998721', '1316374156540071937', '第三单元', 0, '2020-10-14 21:44:13', '2020-10-14 21:44:13');
INSERT INTO `edu_chapter` VALUES ('1316640591334031362', '1314034253835771906', '第二单元', 0, '2020-10-15 15:22:34', '2020-10-15 15:22:34');
INSERT INTO `edu_chapter` VALUES ('1316640911099379713', '1314034253835771906', '第三单元', 0, '2020-10-15 15:23:50', '2020-10-15 15:23:50');
INSERT INTO `edu_chapter` VALUES ('1316642317126549505', '1314033740306161665', '第二单元', 0, '2020-10-15 15:29:25', '2020-10-15 15:29:25');
INSERT INTO `edu_chapter` VALUES ('1316642435804381185', '1314033740306161665', '第三单元', 0, '2020-10-15 15:29:53', '2020-10-15 15:29:53');
INSERT INTO `edu_chapter` VALUES ('1316642467819503617', '1314033740306161665', '第四单元', 0, '2020-10-15 15:30:01', '2020-10-15 15:30:01');
INSERT INTO `edu_chapter` VALUES ('1316646964453130241', '1316646928751214594', '第一单元', 0, '2020-10-15 15:47:53', '2020-10-15 15:47:53');
INSERT INTO `edu_chapter` VALUES ('1316646991124709377', '1316646928751214594', '第二单元', 0, '2020-10-15 15:47:59', '2020-10-15 15:47:59');
INSERT INTO `edu_chapter` VALUES ('1316647551454363650', '1310063843804942337', '第一单元', 0, '2020-10-15 15:50:13', '2020-10-15 15:50:13');
INSERT INTO `edu_chapter` VALUES ('1316647713400635394', '1310063843804942337', '第二单元', 1, '2020-10-15 15:50:52', '2020-10-15 15:51:00');
INSERT INTO `edu_chapter` VALUES ('1316648098886533122', '1316648058344390658', '第一单元', 1, '2020-10-15 15:52:24', '2020-10-15 15:52:24');
INSERT INTO `edu_chapter` VALUES ('1316648323315351554', '1316648058344390658', '第二单元', 0, '2020-10-15 15:53:17', '2020-10-15 15:53:17');
INSERT INTO `edu_chapter` VALUES ('1316648671941705730', '1316648623640100865', '第一单元', 1, '2020-10-15 15:54:40', '2020-10-15 15:55:46');
INSERT INTO `edu_chapter` VALUES ('1316648846072430594', '1316648623640100865', '第二单元', 1, '2020-10-15 15:55:22', '2020-10-15 15:55:22');
INSERT INTO `edu_chapter` VALUES ('1316649189170692097', '1316649158443220994', '第一单元', 1, '2020-10-15 15:56:44', '2020-10-15 15:56:44');
INSERT INTO `edu_chapter` VALUES ('1316649637399183362', '1316649601718239234', '第一单元', 0, '2020-10-15 15:58:30', '2020-10-15 15:58:30');
INSERT INTO `edu_chapter` VALUES ('1316649764037804034', '1316649601718239234', '第二单元', 0, '2020-10-15 15:59:01', '2020-10-15 15:59:32');
INSERT INTO `edu_chapter` VALUES ('1316650425706037249', '1316650386921308161', '第一单元', 1, '2020-10-15 16:01:38', '2020-10-15 16:01:38');
INSERT INTO `edu_chapter` VALUES ('1316650860084936705', '1316650830611562498', '第一单元', 0, '2020-10-15 16:03:22', '2020-10-15 16:03:22');
INSERT INTO `edu_chapter` VALUES ('1320747777320509442', '1316650830611562498', '第二单元', 1, '2020-10-26 23:23:03', '2020-10-26 23:23:03');
INSERT INTO `edu_chapter` VALUES ('1320747824980385794', '1316650830611562498', '第三单元', 0, '2020-10-26 23:23:14', '2020-10-26 23:23:14');
INSERT INTO `edu_chapter` VALUES ('1320747866738876417', '1316650830611562498', '第四单元', 0, '2020-10-26 23:23:24', '2020-10-26 23:23:24');
INSERT INTO `edu_chapter` VALUES ('1320748688444973057', '1320748673114791937', '1555', 0, '2020-10-26 23:26:40', '2020-10-26 23:36:48');
INSERT INTO `edu_chapter` VALUES ('1320749863206608897', '1320748673114791937', '地欸222222', 0, '2020-10-26 23:31:20', '2020-10-26 23:36:56');
INSERT INTO `edu_chapter` VALUES ('1320749878675202049', '1320748673114791937', '45555555555555555555555555555', 0, '2020-10-26 23:31:24', '2020-10-26 23:33:16');
INSERT INTO `edu_chapter` VALUES ('1320750486249496577', '1320748673114791937', '4555', 0, '2020-10-26 23:33:49', '2020-10-26 23:33:49');
INSERT INTO `edu_chapter` VALUES ('1320750996746625025', '1320748673114791937', '45545555555555555', 0, '2020-10-26 23:35:51', '2020-10-26 23:35:51');
INSERT INTO `edu_chapter` VALUES ('1320751425630986242', '1320751392978329601', '555', 1, '2020-10-26 23:37:33', '2020-10-26 23:37:33');
INSERT INTO `edu_chapter` VALUES ('1320751502843928578', '1320751392978329601', '555', 0, '2020-10-26 23:37:51', '2020-10-26 23:37:51');
INSERT INTO `edu_chapter` VALUES ('1320751520661331970', '1320751392978329601', '5555', 0, '2020-10-26 23:37:56', '2020-10-26 23:37:56');
INSERT INTO `edu_chapter` VALUES ('1320751531797209090', '1320751392978329601', '555', 0, '2020-10-26 23:37:58', '2020-10-26 23:37:58');
INSERT INTO `edu_chapter` VALUES ('1320751545248342017', '1320751392978329601', '555', 0, '2020-10-26 23:38:01', '2020-10-26 23:38:01');
INSERT INTO `edu_chapter` VALUES ('1320751562298187777', '1320751392978329601', '3333', 0, '2020-10-26 23:38:05', '2020-10-26 23:38:05');
INSERT INTO `edu_chapter` VALUES ('1320751576047116289', '1320751392978329601', '33', 0, '2020-10-26 23:38:09', '2020-10-26 23:38:09');
INSERT INTO `edu_chapter` VALUES ('1320751588810383362', '1320751392978329601', '33', 0, '2020-10-26 23:38:12', '2020-10-26 23:38:12');
INSERT INTO `edu_chapter` VALUES ('1320751607890272257', '1320751392978329601', '335', 0, '2020-10-26 23:38:16', '2020-10-26 23:38:16');
INSERT INTO `edu_chapter` VALUES ('1320751745102733314', '1320751392978329601', '2222121121212', 0, '2020-10-26 23:38:49', '2020-10-26 23:38:49');
INSERT INTO `edu_chapter` VALUES ('1320751878942973953', '1316650830611562498', '第五单元', 0, '2020-10-26 23:39:21', '2020-10-26 23:39:21');

-- ----------------------------
-- Table structure for edu_comment
-- ----------------------------
DROP TABLE IF EXISTS `edu_comment`;
CREATE TABLE `edu_comment`  (
  `id` char(19) CHARACTER SET utf8mb4 COLLATE utf8mb4_general_ci NOT NULL COMMENT '讲师ID',
  `course_id` varchar(19) CHARACTER SET utf8mb4 COLLATE utf8mb4_general_ci NOT NULL DEFAULT '' COMMENT '课程id',
  `teacher_id` char(19) CHARACTER SET utf8mb4 COLLATE utf8mb4_general_ci NULL DEFAULT '' COMMENT '讲师id',
  `member_id` varchar(19) CHARACTER SET utf8mb4 COLLATE utf8mb4_general_ci NOT NULL DEFAULT '' COMMENT '会员id',
  `nickname` varchar(50) CHARACTER SET utf8mb4 COLLATE utf8mb4_general_ci NULL DEFAULT NULL COMMENT '会员昵称',
  `avatar` varchar(255) CHARACTER SET utf8mb4 COLLATE utf8mb4_general_ci NULL DEFAULT NULL COMMENT '会员头像',
  `content` varchar(500) CHARACTER SET utf8mb4 COLLATE utf8mb4_general_ci NULL DEFAULT NULL COMMENT '评论内容',
  `is_deleted` tinyint(1) UNSIGNED NOT NULL DEFAULT 0 COMMENT '逻辑删除 1（true）已删除， 0（false）未删除',
  `gmt_create` datetime(0) NOT NULL COMMENT '创建时间',
  `gmt_modified` datetime(0) NOT NULL COMMENT '更新时间',
  PRIMARY KEY (`id`) USING BTREE,
  INDEX `idx_course_id`(`course_id`) USING BTREE,
  INDEX `idx_teacher_id`(`teacher_id`) USING BTREE,
  INDEX `idx_member_id`(`member_id`) USING BTREE
) ENGINE = InnoDB CHARACTER SET = utf8mb4 COLLATE = utf8mb4_general_ci COMMENT = '评论' ROW_FORMAT = DYNAMIC;

-- ----------------------------
-- Records of edu_comment
-- ----------------------------
INSERT INTO `edu_comment` VALUES ('1194499162790211585', '1310063843804942337', '1189389726308478977', '1', '小三123', ' ', '课程很好', 0, '2019-11-13 14:16:08', '2019-11-13 14:16:08');
INSERT INTO `edu_comment` VALUES ('1194898406466420738', '1310063843804942337', '1189389726308478977', '1', '小三123', ' ', '11', 0, '2019-11-14 16:42:35', '2019-11-14 16:42:35');
INSERT INTO `edu_comment` VALUES ('1194898484388200450', '1310063843804942337', '1189389726308478977', '1', '小三123', 'https://edu-wyw.oss-cn-beijing.aliyuncs.com/%E5%B0%8F%E5%AD%A6%E6%95%B0%E5%AD%A6%E5%9C%A8%E7%BA%BF%E6%95%99%E8%82%B2/%E5%A4%B4%E5%83%8F/02.jpg', '111', 0, '2019-11-14 16:42:53', '2019-11-14 16:42:53');
INSERT INTO `edu_comment` VALUES ('1195251020861317122', '1310063843804942337', '1189389726308478977', '1', NULL, 'https://edu-wyw.oss-cn-beijing.aliyuncs.com/%E5%B0%8F%E5%AD%A6%E6%95%B0%E5%AD%A6%E5%9C%A8%E7%BA%BF%E6%95%99%E8%82%B2/%E5%A4%B4%E5%83%8F/02.jpg', '2233', 0, '2019-11-15 16:03:45', '2019-11-15 16:03:45');
INSERT INTO `edu_comment` VALUES ('1195251382720700418', '1310063843804942337', '1189389726308478977', '1', NULL, 'https://edu-wyw.oss-cn-beijing.aliyuncs.com/%E5%B0%8F%E5%AD%A6%E6%95%B0%E5%AD%A6%E5%9C%A8%E7%BA%BF%E6%95%99%E8%82%B2/%E5%A4%B4%E5%83%8F/03.jpg', '4455', 0, '2019-11-15 16:05:11', '2019-11-15 16:05:11');
INSERT INTO `edu_comment` VALUES ('1195252819177570306', '1310063843804942337', '1189389726308478977', '1', '小三1231', 'https://edu-wyw.oss-cn-beijing.aliyuncs.com/%E5%B0%8F%E5%AD%A6%E6%95%B0%E5%AD%A6%E5%9C%A8%E7%BA%BF%E6%95%99%E8%82%B2/%E5%A4%B4%E5%83%8F/03.jpg', '55', 0, '2019-11-15 16:10:53', '2019-11-15 16:10:53');
INSERT INTO `edu_comment` VALUES ('1195252899448160258', '1310063843804942337', '1189389726308478977', '1', '小三1231', 'https://edu-wyw.oss-cn-beijing.aliyuncs.com/%E5%B0%8F%E5%AD%A6%E6%95%B0%E5%AD%A6%E5%9C%A8%E7%BA%BF%E6%95%99%E8%82%B2/%E5%A4%B4%E5%83%8F/03.jpg', '55', 0, '2019-11-15 16:11:13', '2019-11-15 16:11:13');
INSERT INTO `edu_comment` VALUES ('1195252920587452417', '1310063843804942337', '1189389726308478977', '1', '小三1231', 'https://edu-wyw.oss-cn-beijing.aliyuncs.com/%E5%B0%8F%E5%AD%A6%E6%95%B0%E5%AD%A6%E5%9C%A8%E7%BA%BF%E6%95%99%E8%82%B2/%E5%A4%B4%E5%83%8F/03.jpg', '223344', 0, '2019-11-15 16:11:18', '2019-11-15 16:11:18');
INSERT INTO `edu_comment` VALUES ('1195262128095559681', '1310063843804942337', '1189389726308478977', '1', '小三1231', 'https://edu-wyw.oss-cn-beijing.aliyuncs.com/%E5%B0%8F%E5%AD%A6%E6%95%B0%E5%AD%A6%E5%9C%A8%E7%BA%BF%E6%95%99%E8%82%B2/%E5%A4%B4%E5%83%8F/04.jpg', '11', 0, '2019-11-15 16:47:53', '2019-11-15 16:47:53');
INSERT INTO `edu_comment` VALUES ('1196264505170767874', '1310063843804942337', '1189389726308478977', '1', '小三1231', 'https://edu-wyw.oss-cn-beijing.aliyuncs.com/%E5%B0%8F%E5%AD%A6%E6%95%B0%E5%AD%A6%E5%9C%A8%E7%BA%BF%E6%95%99%E8%82%B2/%E5%A4%B4%E5%83%8F/04.jpg', '666666', 0, '2019-11-18 11:10:58', '2019-11-18 11:10:58');
INSERT INTO `edu_comment` VALUES ('1317373500500090882', '1310063843804942337', '1189426437876985857', '1314231375449284610', NULL, 'https://edu-wyw.oss-cn-beijing.aliyuncs.com/%E5%B0%8F%E5%AD%A6%E6%95%B0%E5%AD%A6%E5%9C%A8%E7%BA%BF%E6%95%99%E8%82%B2/%E5%A4%B4%E5%83%8F/04.jpg', '111', 0, '2020-10-17 15:54:53', '2020-10-17 15:54:53');
INSERT INTO `edu_comment` VALUES ('1317376114222665729', '1310063843804942337', '1189426437876985857', '1314231375449284610', NULL, 'https://edu-wyw.oss-cn-beijing.aliyuncs.com/%E5%B0%8F%E5%AD%A6%E6%95%B0%E5%AD%A6%E5%9C%A8%E7%BA%BF%E6%95%99%E8%82%B2/%E5%A4%B4%E5%83%8F/02.jpg', '11', 0, '2020-10-17 16:05:16', '2020-10-17 16:05:16');
INSERT INTO `edu_comment` VALUES ('1317376734950297602', '1310063843804942337', '1189426437876985857', '1314231375449284610', NULL, 'https://edu-wyw.oss-cn-beijing.aliyuncs.com/%E5%B0%8F%E5%AD%A6%E6%95%B0%E5%AD%A6%E5%9C%A8%E7%BA%BF%E6%95%99%E8%82%B2/%E5%A4%B4%E5%83%8F/02.jpg', '11111', 0, '2020-10-17 16:07:44', '2020-10-17 16:07:44');
INSERT INTO `edu_comment` VALUES ('1317378152943820801', '1310063843804942337', '1189426437876985857', '1314231375449284610', NULL, 'https://edu-wyw.oss-cn-beijing.aliyuncs.com/%E5%B0%8F%E5%AD%A6%E6%95%B0%E5%AD%A6%E5%9C%A8%E7%BA%BF%E6%95%99%E8%82%B2/%E5%A4%B4%E5%83%8F/02.jpg', '111', 0, '2020-10-17 16:13:22', '2020-10-17 16:13:22');
INSERT INTO `edu_comment` VALUES ('1317378194219966465', '1310063843804942337', '1189426437876985857', '1314231375449284610', NULL, 'https://edu-wyw.oss-cn-beijing.aliyuncs.com/%E5%B0%8F%E5%AD%A6%E6%95%B0%E5%AD%A6%E5%9C%A8%E7%BA%BF%E6%95%99%E8%82%B2/%E5%A4%B4%E5%83%8F/02.jpg', '1111', 0, '2020-10-17 16:13:32', '2020-10-17 16:13:32');
INSERT INTO `edu_comment` VALUES ('1317378234795663362', '1310063843804942337', '1189426437876985857', '1314231375449284610', NULL, 'https://edu-wyw.oss-cn-beijing.aliyuncs.com/%E5%B0%8F%E5%AD%A6%E6%95%B0%E5%AD%A6%E5%9C%A8%E7%BA%BF%E6%95%99%E8%82%B2/%E5%A4%B4%E5%83%8F/02.jpg', '啊', 0, '2020-10-17 16:13:42', '2020-10-17 16:13:42');
INSERT INTO `edu_comment` VALUES ('1317481620211724290', '1312412095137173505', '1189390295668469762', '1314231375449284610', 'naumy', 'https://edu-wyw.oss-cn-beijing.aliyuncs.com/%E5%B0%8F%E5%AD%A6%E6%95%B0%E5%AD%A6%E5%9C%A8%E7%BA%BF%E6%95%99%E8%82%B2/%E5%A4%B4%E5%83%8F/02.jpg', '11', 0, '2020-10-17 23:04:31', '2020-10-17 23:04:31');
INSERT INTO `edu_comment` VALUES ('1317481690885746690', '1312412095137173505', '1189390295668469762', '1314231375449284610', 'naumy', 'https://edu-wyw.oss-cn-beijing.aliyuncs.com/%E5%B0%8F%E5%AD%A6%E6%95%B0%E5%AD%A6%E5%9C%A8%E7%BA%BF%E6%95%99%E8%82%B2/%E5%A4%B4%E5%83%8F/03.jpg', '我爱你', 0, '2020-10-17 23:04:47', '2020-10-17 23:04:47');
INSERT INTO `edu_comment` VALUES ('1317482714706964482', '1310063843804942337', '1189426437876985857', '1314231375449284610', 'naumy', 'https://edu-wyw.oss-cn-beijing.aliyuncs.com/%E5%B0%8F%E5%AD%A6%E6%95%B0%E5%AD%A6%E5%9C%A8%E7%BA%BF%E6%95%99%E8%82%B2/%E5%A4%B4%E5%83%8F/03.jpg', '你哈', 0, '2020-10-17 23:08:51', '2020-10-17 23:08:51');
INSERT INTO `edu_comment` VALUES ('1317483468930904066', '1316650830611562498', '1189426464967995393', '1314231375449284610', 'naumy', 'https://edu-wyw.oss-cn-beijing.aliyuncs.com/%E5%B0%8F%E5%AD%A6%E6%95%B0%E5%AD%A6%E5%9C%A8%E7%BA%BF%E6%95%99%E8%82%B2/%E5%A4%B4%E5%83%8F/03.jpg', '老师你好', 0, '2020-10-17 23:11:51', '2020-10-17 23:11:51');
INSERT INTO `edu_comment` VALUES ('1318087288685817857', '1310063843804942337', '1189426437876985857', '1314231375449284610', 'naumy', 'https://edu-wyw.oss-cn-beijing.aliyuncs.com/%E5%B0%8F%E5%AD%A6%E6%95%B0%E5%AD%A6%E5%9C%A8%E7%BA%BF%E6%95%99%E8%82%B2/%E5%A4%B4%E5%83%8F/01.jpg', '11', 0, '2020-10-19 15:11:13', '2020-10-19 15:11:13');
INSERT INTO `edu_comment` VALUES ('1318372916535205890', '1310063843804942337', '1189426437876985857', '1314231375449284610', 'naumy', 'https://edu-wyw.oss-cn-beijing.aliyuncs.com/%E5%B0%8F%E5%AD%A6%E6%95%B0%E5%AD%A6%E5%9C%A8%E7%BA%BF%E6%95%99%E8%82%B2/%E5%A4%B4%E5%83%8F/01.jpg', '1111111111', 0, '2020-10-20 10:06:12', '2020-10-20 10:06:12');
INSERT INTO `edu_comment` VALUES ('1318372945584955394', '1310063843804942337', '1189426437876985857', '1314231375449284610', 'naumy', 'https://edu-wyw.oss-cn-beijing.aliyuncs.com/%E5%B0%8F%E5%AD%A6%E6%95%B0%E5%AD%A6%E5%9C%A8%E7%BA%BF%E6%95%99%E8%82%B2/%E5%A4%B4%E5%83%8F/04.jpg', '啊啊啊 ', 0, '2020-10-20 10:06:19', '2020-10-20 10:06:19');
INSERT INTO `edu_comment` VALUES ('1318385221402382337', '1310063843804942337', '1189426437876985857', '1314231375449284610', 'naumy', 'https://edu-wyw.oss-cn-beijing.aliyuncs.com/%E5%B0%8F%E5%AD%A6%E6%95%B0%E5%AD%A6%E5%9C%A8%E7%BA%BF%E6%95%99%E8%82%B2/%E5%A4%B4%E5%83%8F/04.jpg', '121012', 0, '2020-10-20 10:55:06', '2020-10-20 10:55:06');
INSERT INTO `edu_comment` VALUES ('1320535832692707330', '1310063843804942337', '1189426437876985857', '1314231375449284610', 'naumy', 'https://edu-wyw.oss-cn-beijing.aliyuncs.com/%E5%B0%8F%E5%AD%A6%E6%95%B0%E5%AD%A6%E5%9C%A8%E7%BA%BF%E6%95%99%E8%82%B2/%E5%A4%B4%E5%83%8F/04.jpg', '111', 0, '2020-10-26 09:20:52', '2020-10-26 09:20:52');
INSERT INTO `edu_comment` VALUES ('1320538598051930114', '1316651341846888449', '1189390295668469762', '1314231375449284610', 'naumy', 'https://edu-wyw.oss-cn-beijing.aliyuncs.com/%E5%B0%8F%E5%AD%A6%E6%95%B0%E5%AD%A6%E5%9C%A8%E7%BA%BF%E6%95%99%E8%82%B2/%E5%A4%B4%E5%83%8F/01.jpg', '111', 0, '2020-10-26 09:31:51', '2020-10-26 09:31:51');
INSERT INTO `edu_comment` VALUES ('1321341193658015745', '1316648058344390658', '1309414773969043458', '1314231375449284610', 'naumy', 'https://edu-wyw.oss-cn-beijing.aliyuncs.com/%E5%B0%8F%E5%AD%A6%E6%95%B0%E5%AD%A6%E5%9C%A8%E7%BA%BF%E6%95%99%E8%82%B2/%E5%A4%B4%E5%83%8F/02.jpg', ' 授课教师的流行病学教学和实践经验丰富，授课过程中常结合教师亲自参与的流行病学调查和收集的一些原始调查资料进行讲解和分析，使学生在掌握流行病学基本原理的同时，获得一些实践知识。教师授课认真，风趣幽默，信息量大，获益匪浅。教师很敬业，备课充分，讲课非常生动，任课老师认真负责，不拖堂、早退。内容知识较为充实。', 0, '2020-10-28 14:41:05', '2020-10-28 14:41:05');
INSERT INTO `edu_comment` VALUES ('1347065790555803650', '1316650830611562498', '1189426464967995393', '1314231375449284610', 'naumy', 'https://edu-wyw.oss-cn-beijing.aliyuncs.com/%E5%B0%8F%E5%AD%A6%E6%95%B0%E5%AD%A6%E5%9C%A8%E7%BA%BF%E6%95%99%E8%82%B2/%E5%A4%B4%E5%83%8F/01.jpg', ' 授课教师的流行病学教学和实践经验丰富，授课过程中常结合教师亲自参与的流行病学调查和收集的一些原始调查资料进行讲解和分析，使学生在掌握流行病学基本原理的同时，获得一些实践知识。教师授课认真，风趣幽默，信息量大，获益匪浅。教师很敬业，备课充分，讲课非常生动，任课老师认真负责，不拖堂、早退。内容知识较为充实。', 0, '2021-01-07 14:21:26', '2021-01-07 14:21:26');
INSERT INTO `edu_comment` VALUES ('1347123230160769025', '1310063843804942337', '1189426437876985857', '1195187659054329857', '孙晓晓', 'https://edu-wyw.oss-cn-beijing.aliyuncs.com/%E5%B0%8F%E5%AD%A6%E6%95%B0%E5%AD%A6%E5%9C%A8%E7%BA%BF%E6%95%99%E8%82%B2/%E5%A4%B4%E5%83%8F/04.jpg', ' 授课教师的流行病学教学和实践经验丰富，授课过程中常结合教师亲自参与的流行病学调查和收集的一些原始调查资料进行讲解和分析，使学生在掌握流行病学基本原理的同时，获得一些实践知识。教师授课认真，风趣幽默，信息量大，获益匪浅。教师很敬业，备课充分，讲课非常生动，任课老师认真负责，不拖堂、早退。内容知识较为充实。', 0, '2021-01-07 18:09:41', '2021-01-07 18:09:41');
INSERT INTO `edu_comment` VALUES ('1347123255876046849', '1310063843804942337', '1189426437876985857', '1195187659054329857', '孙晓晓', 'https://edu-wyw.oss-cn-beijing.aliyuncs.com/%E5%B0%8F%E5%AD%A6%E6%95%B0%E5%AD%A6%E5%9C%A8%E7%BA%BF%E6%95%99%E8%82%B2/%E5%A4%B4%E5%83%8F/04.jpg', ' 授课教师的流行病学教学和实践经验丰富，授课过程中常结合教师亲自参与的流行病学调查和收集的一些原始调查资料进行讲解和分析，使学生在掌握流行病学基本原理的同时，获得一些实践知识。教师授课认真，风趣幽默，信息量大，获益匪浅。教师很敬业，备课充分，讲课非常生动，任课老师认真负责，不拖堂、早退。内容知识较为充实。', 0, '2021-01-07 18:09:47', '2021-01-07 18:09:47');
INSERT INTO `edu_comment` VALUES ('1347123424008916993', '1310063843804942337', '1189426437876985857', '1195187659054329857', '孙晓晓', 'https://edu-wyw.oss-cn-beijing.aliyuncs.com/%E5%B0%8F%E5%AD%A6%E6%95%B0%E5%AD%A6%E5%9C%A8%E7%BA%BF%E6%95%99%E8%82%B2/%E5%A4%B4%E5%83%8F/04.jpg', '老师讲的很不错，爱了爱了。', 0, '2021-01-07 18:10:27', '2021-01-07 18:10:27');
INSERT INTO `edu_comment` VALUES ('1347123470959955970', '1312412095137173505', '1189390295668469762', '1195187659054329857', '孙晓晓', 'https://edu-wyw.oss-cn-beijing.aliyuncs.com/%E5%B0%8F%E5%AD%A6%E6%95%B0%E5%AD%A6%E5%9C%A8%E7%BA%BF%E6%95%99%E8%82%B2/%E5%A4%B4%E5%83%8F/04.jpg', ' 授课教师的流行病学教学和实践经验丰富，授课过程中常结合教师亲自参与的流行病学调查和收集的一些原始调查资料进行讲解和分析，使学生在掌握流行病学基本原理的同时，获得一些实践知识。教师授课认真，风趣幽默，信息量大，获益匪浅。教师很敬业，备课充分，讲课非常生动，任课老师认真负责，不拖堂、早退。内容知识较为充实。', 0, '2021-01-07 18:10:38', '2021-01-07 18:10:38');
INSERT INTO `edu_comment` VALUES ('1347123577633689602', '1312412095137173505', '1189390295668469762', '1195187659054329857', '孙晓晓', 'https://edu-wyw.oss-cn-beijing.aliyuncs.com/%E5%B0%8F%E5%AD%A6%E6%95%B0%E5%AD%A6%E5%9C%A8%E7%BA%BF%E6%95%99%E8%82%B2/%E5%A4%B4%E5%83%8F/04.jpg', '老师讲的很不错，欢迎大家一起观看。', 0, '2021-01-07 18:11:04', '2021-01-07 18:11:04');
INSERT INTO `edu_comment` VALUES ('1347124213112688641', '1310063843804942337', '1189426437876985857', '1195187659054329857', '孙晓晓', 'https://edu-wyw.oss-cn-beijing.aliyuncs.com/%E5%B0%8F%E5%AD%A6%E6%95%B0%E5%AD%A6%E5%9C%A8%E7%BA%BF%E6%95%99%E8%82%B2/%E5%A4%B4%E5%83%8F/04.jpg', '哪怕必须从头开始，我都要学[微笑]我一定要学会数学[微笑]', 0, '2021-01-07 18:13:35', '2021-01-07 18:13:35');
INSERT INTO `edu_comment` VALUES ('1347124319132110850', '1310063843804942337', '1189426437876985857', '1195187659054329857', '孙晓晓', 'https://edu-wyw.oss-cn-beijing.aliyuncs.com/2021/01/07/6911cf51c0a846a8b2e502e4f2e94ca4t01ba6ea141fbcb6e8f.jpghttps://edu-wyw.oss-cn-beijing.aliyuncs.com/2021/01/07/6911cf51c0a846a8b2e502e4f2e94ca4t01ba6ea141fbcb6e8f.jpg', '大家都是小时候，没学好数学，从新来看，当初老师求着学，不学，唉出来混迟早要还的，真的，数学不会是真的不会，不像别的科目，之前小时候那会看见数学就Ptsd了头疼的要死，虽然上的学依旧，可是自己知道自己的数学几斤几两，口算也是差的要死，唉。加油吧！', 0, '2021-01-07 18:14:01', '2021-01-07 18:14:01');
INSERT INTO `edu_comment` VALUES ('1347124382642262018', '1310063843804942337', '1189426437876985857', '1195187659054329857', '孙晓晓', 'https://edu-wyw.oss-cn-beijing.aliyuncs.com/%E5%B0%8F%E5%AD%A6%E6%95%B0%E5%AD%A6%E5%9C%A8%E7%BA%BF%E6%95%99%E8%82%B2/%E5%A4%B4%E5%83%8F/03.jpg', '有没有教育专业的同行一起来做见习手册的[笑哭]', 0, '2021-01-07 18:14:16', '2021-01-07 18:14:16');
INSERT INTO `edu_comment` VALUES ('1347124485893443586', '1310063843804942337', '1189426437876985857', '1195187659054329857', '孙晓晓', 'https://edu-wyw.oss-cn-beijing.aliyuncs.com/%E5%B0%8F%E5%AD%A6%E6%95%B0%E5%AD%A6%E5%9C%A8%E7%BA%BF%E6%95%99%E8%82%B2/%E5%A4%B4%E5%83%8F/03.jpg', '小时候听不懂，长大了再来听，又是另一种境界。', 0, '2021-01-07 18:14:40', '2021-01-07 18:14:40');
INSERT INTO `edu_comment` VALUES ('1347124538376769537', '1310063843804942337', '1189426437876985857', '1195187659054329857', '孙晓晓', 'https://edu-wyw.oss-cn-beijing.aliyuncs.com/%E5%B0%8F%E5%AD%A6%E6%95%B0%E5%AD%A6%E5%9C%A8%E7%BA%BF%E6%95%99%E8%82%B2/%E5%A4%B4%E5%83%8F/03.jpg', '授课教师的流行病学教学和实践经验丰富，授课过程中常结合教师亲自参与的流行病学调查和收集的一些原始调查资料进行讲解和分析，使学生在掌握流行病学基本原理的同时，获得一些实践知识。教师授课认真，风趣幽默，信息量大，获益匪浅。教师很敬业，备课充分，讲课非常生动，任课老师认真负责，不拖堂、早退。内容知识较为充实。', 0, '2021-01-07 18:14:53', '2021-01-07 18:14:53');
INSERT INTO `edu_comment` VALUES ('1347126803934269441', '1312412095137173505', '1189390295668469762', '1195187659054329857', '孙晓晓', 'https://edu-wyw.oss-cn-beijing.aliyuncs.com/2021/01/07/6911cf51c0a846a8b2e502e4f2e94ca4t01ba6ea141fbcb6e8f.jpg', '授课教师的流行病学教学和实践经验丰富，授课过程中常结合教师亲自参与的流行病学调查和收集的一些原始调查资料进行讲解和分析，使学生在掌握流行病学基本原理的同时，获得一些实践知识。教师授课认真，风趣幽默，信息量大，获益匪浅。教师很敬业，备课充分，讲课非常生动，任课老师认真负责，不拖堂、早退。内容知识较为充实。', 0, '2021-01-07 18:23:53', '2021-01-07 18:23:53');
INSERT INTO `edu_comment` VALUES ('1347126882925596674', '1310063843804942337', '1189426437876985857', '1195187659054329857', '孙晓晓', 'https://edu-wyw.oss-cn-beijing.aliyuncs.com/%E5%B0%8F%E5%AD%A6%E6%95%B0%E5%AD%A6%E5%9C%A8%E7%BA%BF%E6%95%99%E8%82%B2/%E5%A4%B4%E5%83%8F/03.jpg', '授课教师的流行病学教学和实践经验丰富，授课过程中常结合教师亲自参与的流行病学调查和收集的一些原始调查资料进行讲解和分析，使学生在掌握流行病学基本原理的同时，获得一些实践知识。教师授课认真，风趣幽默，信息量大，获益匪浅。教师很敬业，备课充分，讲课非常生动，任课老师认真负责，不拖堂、早退。内容知识较为充实。', 0, '2021-01-07 18:24:12', '2021-01-07 18:24:12');
INSERT INTO `edu_comment` VALUES ('1347126993386786818', '1314032816657506305', '1189390295668469762', '1195187659054329857', '孙晓晓', 'https://edu-wyw.oss-cn-beijing.aliyuncs.com/%E5%B0%8F%E5%AD%A6%E6%95%B0%E5%AD%A6%E5%9C%A8%E7%BA%BF%E6%95%99%E8%82%B2/%E5%A4%B4%E5%83%8F/03.jpg', '太棒了，我数学小学三年级就停止发育了，解方程到现在不会，准初三的我…现在再补有救吗', 0, '2021-01-07 18:24:38', '2021-01-07 18:24:38');
INSERT INTO `edu_comment` VALUES ('1347127091705466881', '1314032816657506305', '1189390295668469762', '1195187659054329857', '孙晓晓', 'https://edu-wyw.oss-cn-beijing.aliyuncs.com/%E5%B0%8F%E5%AD%A6%E6%95%B0%E5%AD%A6%E5%9C%A8%E7%BA%BF%E6%95%99%E8%82%B2/%E5%A4%B4%E5%83%8F/03.jpg', '刚刚正在看老版本，突然失效了，吓死我，进阿婆主页发现阿婆重新发了一遍', 0, '2021-01-07 18:25:02', '2021-01-07 18:25:02');
INSERT INTO `edu_comment` VALUES ('1347127155593105410', '1314032816657506305', '1189390295668469762', '1195187659054329857', '孙晓晓', 'https://edu-wyw.oss-cn-beijing.aliyuncs.com/2021/01/07/6911cf51c0a846a8b2e502e4f2e94ca4t01ba6ea141fbcb6e8f.jpg', '很细呢，喜欢', 0, '2021-01-07 18:25:17', '2021-01-07 18:25:17');
INSERT INTO `edu_comment` VALUES ('1347127235003863041', '1314032816657506305', '1189390295668469762', '1195187659054329857', '孙晓晓', 'https://edu-wyw.oss-cn-beijing.aliyuncs.com/2021/01/07/6911cf51c0a846a8b2e502e4f2e94ca4t01ba6ea141fbcb6e8f.jpg', '找了好多学习数学的软件都没用，还是这个老师讲的好', 0, '2021-01-07 18:25:36', '2021-01-07 18:25:36');
INSERT INTO `edu_comment` VALUES ('1347127269590093825', '1314032816657506305', '1189390295668469762', '1195187659054329857', '孙晓晓', 'https://edu-wyw.oss-cn-beijing.aliyuncs.com/2021/01/07/6911cf51c0a846a8b2e502e4f2e94ca4t01ba6ea141fbcb6e8f.jpg', '确实做的很好，赞一个。', 0, '2021-01-07 18:25:44', '2021-01-07 18:25:44');
INSERT INTO `edu_comment` VALUES ('1347127294806249473', '1314032816657506305', '1189390295668469762', '1195187659054329857', '孙晓晓', 'https://edu-wyw.oss-cn-beijing.aliyuncs.com/2021/01/07/6911cf51c0a846a8b2e502e4f2e94ca4t01ba6ea141fbcb6e8f.jpg', '不错，动画很可爱，小朋友很喜欢', 0, '2021-01-07 18:25:50', '2021-01-07 18:25:50');
INSERT INTO `edu_comment` VALUES ('1347127394546798594', '1314032816657506305', '1189390295668469762', '1195187659054329857', '孙晓晓', 'https://edu-wyw.oss-cn-beijing.aliyuncs.com/2021/01/07/6911cf51c0a846a8b2e502e4f2e94ca4t01ba6ea141fbcb6e8f.jpg', '我们会发现呀，不管你怎样去算，这个大的三角形都属于bc对吧，它的面积是没有发生改变的。所以呢，这道小题呀，就在考察我们小朋友有关于三角形面积的计算公式怎么样？这道小题你愿不愿意自己来尝试一下呢？请大家暂停视频据时间交给你啦。好了宝贝们做完了没有特别的厉害，这一道小题呀，注意了跟着乐乐老师我们一块儿来想一想好吗？哎，首先审题要叠想让我求中的一个赌。带来思路分析，请你注意了，实际上呀，本题当中我需要牢记三角形面积的公式对不对？', 0, '2021-01-07 18:26:14', '2021-01-07 18:26:14');
INSERT INTO `edu_comment` VALUES ('1347127425383321602', '1314033740306161665', '1189390295668469762', '1195187659054329857', '孙晓晓', 'https://edu-wyw.oss-cn-beijing.aliyuncs.com/2021/01/07/6911cf51c0a846a8b2e502e4f2e94ca4t01ba6ea141fbcb6e8f.jpg', '我们会发现呀，不管你怎样去算，这个大的三角形都属于bc对吧，它的面积是没有发生改变的。所以呢，这道小题呀，就在考察我们小朋友有关于三角形面积的计算公式怎么样？这道小题你愿不愿意自己来尝试一下呢？请大家暂停视频据时间交给你啦。好了宝贝们做完了没有特别的厉害，这一道小题呀，注意了跟着乐乐老师我们一块儿来想一想好吗？哎，首先审题要叠想让我求中的一个赌。带来思路分析，请你注意了，实际上呀，本题当中我需要牢记三角形面积的公式对不对？', 0, '2021-01-07 18:26:21', '2021-01-07 18:26:21');
INSERT INTO `edu_comment` VALUES ('1347127656363642881', '1314032816657506305', '1189390295668469762', '1195187659054329857', '孙晓晓', 'https://edu-wyw.oss-cn-beijing.aliyuncs.com/2021/01/07/6911cf51c0a846a8b2e502e4f2e94ca4t01ba6ea141fbcb6e8f.jpg', '授课教师的流行病学教学和实践经验丰富，授课过程中常结合教师亲自参与的流行病学调查和收集的一些原始调查资料进行讲解和分析，使学生在掌握流行病学基本原理的同时，获得一些实践知识。教师授课认真，风趣幽默，信息量大，获益匪浅。教师很敬业，备课充分，讲课非常生动，任课老师认真负责，不拖堂、早退。内容知识较为充实。', 0, '2021-01-07 18:27:16', '2021-01-07 18:27:16');
INSERT INTO `edu_comment` VALUES ('1347127692686315522', '1314033740306161665', '1189390295668469762', '1195187659054329857', '孙晓晓', 'https://edu-wyw.oss-cn-https://edu-wyw.oss-cn-beijing.aliyuncs.com/2021/01/07/6911cf51c0a846a8b2e502e4f2e94ca4t01ba6ea141fbcb6e8f.jpg', '授课教师的流行病学教学和实践经验丰富，授课过程中常结合教师亲自参与的流行病学调查和收集的一些原始调查资料进行讲解和分析，使学生在掌握流行病学基本原理的同时，获得一些实践知识。教师授课认真，风趣幽默，信息量大，获益匪浅。教师很敬业，备课充分，讲课非常生动，任课老师认真负责，不拖堂、早退。内容知识较为充实。', 0, '2021-01-07 18:27:25', '2021-01-07 18:27:25');
INSERT INTO `edu_comment` VALUES ('1347127708486258690', '1314033740306161665', '1189390295668469762', '1195187659054329857', '孙晓晓', 'https://edu-wyw.oss-cn-beijing.aliyuncs.com/2021/01/07/6911cf51c0a846a8b2e502e4f2e94ca4t01ba6ea141fbcb6e8f.jpg', '授课教师的流行病学教学和实践经验丰富，授课过程中常结合教师亲自参与的流行病学调查和收集的一些原始调查资料进行讲解和分析，使学生在掌握流行病学基本原理的同时，获得一些实践知识。教师授课认真，风趣幽默，信息量大，获益匪浅。教师很敬业，备课充分，讲课非常生动，任课老师认真负责，不拖堂、早退。内容知识较为充实。', 0, '2021-01-07 18:27:29', '2021-01-07 18:27:29');
INSERT INTO `edu_comment` VALUES ('1347127738857213953', '1314034253835771906', '1309403107701252097', '1195187659054329857', '孙晓晓', 'https://edu-wyw.oss-cn-beijing.aliyuncs.com/2021/01/07/6911cf51c0a846a8b2e502e4f2e94ca4t01ba6ea141fbcb6e8f.jpg', '授课教师的流行病学教学和实践经验丰富，授课过程中常结合教师亲自参与的流行病学调查和收集的一些原始调查资料进行讲解和分析，使学生在掌握流行病学基本原理的同时，获得一些实践知识。教师授课认真，风趣幽默，信息量大，获益匪浅。教师很敬业，备课充分，讲课非常生动，任课老师认真负责，不拖堂、早退。内容知识较为充实。', 0, '2021-01-07 18:27:36', '2021-01-07 18:27:36');
INSERT INTO `edu_comment` VALUES ('1347127749636575233', '1314034253835771906', '1309403107701252097', '1195187659054329857', '孙晓晓', 'https://edu-wyw.oss-cn-beijing.aliyuncs.com/2021/01/07/6911cf51c0a846a8b2e502e4f2e94ca4t01ba6ea141fbcb6e8f.jpg', '授课教师的流行病学教学和实践经验丰富，授课过程中常结合教师亲自参与的流行病学调查和收集的一些原始调查资料进行讲解和分析，使学生在掌握流行病学基本原理的同时，获得一些实践知识。教师授课认真，风趣幽默，信息量大，获益匪浅。教师很敬业，备课充分，讲课非常生动，任课老师认真负责，不拖堂、早退。内容知识较为充实。', 0, '2021-01-07 18:27:39', '2021-01-07 18:27:39');
INSERT INTO `edu_comment` VALUES ('1347127781307764738', '1316374156540071937', '1189390295668469762', '1195187659054329857', '孙晓晓', 'https://edu-wyw.oss-cn-beijing.aliyuncs.com/2021/01/07/6911cf51c0a846a8b2e502e4f2e94ca4t01ba6ea141fbcb6e8f.jpg', '授课教师的流行病学教学和实践经验丰富，授课过程中常结合教师亲自参与的流行病学调查和收集的一些原始调查资料进行讲解和分析，使学生在掌握流行病学基本原理的同时，获得一些实践知识。教师授课认真，风趣幽默，信息量大，获益匪浅。教师很敬业，备课充分，讲课非常生动，任课老师认真负责，不拖堂、早退。内容知识较为充实。', 0, '2021-01-07 18:27:46', '2021-01-07 18:27:46');
INSERT INTO `edu_comment` VALUES ('1347127790535233537', '1316374156540071937', '1189390295668469762', '1195187659054329857', '孙晓晓', 'https://edu-wyw.oss-cn-beijing.aliyuncs.com/2021/01/07/6911cf51c0a846a8b2e502e4f2e94ca4t01ba6ea141fbcb6e8f.jpg', '授课教师的流行病学教学和实践经验丰富，授课过程中常结合教师亲自参与的流行病学调查和收集的一些原始调查资料进行讲解和分析，使学生在掌握流行病学基本原理的同时，获得一些实践知识。教师授课认真，风趣幽默，信息量大，获益匪浅。教师很敬业，备课充分，讲课非常生动，任课老师认真负责，不拖堂、早退。内容知识较为充实。', 0, '2021-01-07 18:27:48', '2021-01-07 18:27:48');
INSERT INTO `edu_comment` VALUES ('1347127824798502913', '1316374156540071937', '1189390295668469762', '1195187659054329857', '孙晓晓', 'https://edu-wyw.oss-cn-beijing.aliyuncs.com/2021/01/07/6911cf51c0a846a8b2e502e4f2e94ca4t01ba6ea141fbcb6e8f.jpg', '授课教师的流行病学教学和实践经验丰富，授课过程中常结合教师亲自参与的流行病学调查和收集的一些原始调查资料进行讲解和分析，使学生在掌握流行病学基本原理的同时，获得一些实践知识。教师授课认真，风趣幽默，信息量大，获益匪浅。教师很敬业，备课充分，讲课非常生动，任课老师认真负责，不拖堂、早退。内容知识较为充实。', 0, '2021-01-07 18:27:57', '2021-01-07 18:27:57');
INSERT INTO `edu_comment` VALUES ('1347127836643217409', '1316374156540071937', '1189390295668469762', '1195187659054329857', '孙晓晓', 'https://edu-wyw.oss-cn-beijing.aliyuncs.com/2021/01/07/6911cf51c0a846a8b2e502e4f2e94ca4t01ba6ea141fbcb6e8f.jpg', '授课教师的流行病学教学和实践经验丰富，授课过程中常结合教师亲自参与的流行病学调查和收集的一些原始调查资料进行讲解和分析，使学生在掌握流行病学基本原理的同时，获得一些实践知识。教师授课认真，风趣幽默，信息量大，获益匪浅。教师很敬业，备课充分，讲课非常生动，任课老师认真负责，不拖堂、早退。内容知识较为充实。', 0, '2021-01-07 18:27:59', '2021-01-07 18:27:59');
INSERT INTO `edu_comment` VALUES ('1347127869086158849', '1316374156540071937', '1189390295668469762', '1195187659054329857', '孙晓晓', 'https://edu-wyw.oss-cn-beijing.aliyuncs.com/%E5%B0%8F%E5%AD%A6%E6%95%B0%E5%AD%A6%E5%9C%A8%E7%BA%BF%E6%95%99%E8%82%B2/%E5%A4%B4%E5%83%8F/04.jpg', '不错不错', 0, '2021-01-07 18:28:07', '2021-01-07 18:28:07');
INSERT INTO `edu_comment` VALUES ('1347127921120694274', '1316374156540071937', '1189390295668469762', '1195187659054329857', '孙晓晓', 'https://edu-wyw.oss-cn-beijing.aliyuncs.com/%E5%B0%8F%E5%AD%A6%E6%95%B0%E5%AD%A6%E5%9C%A8%E7%BA%BF%E6%95%99%E8%82%B2/%E5%A4%B4%E5%83%8F/04.jpg', '还好的', 0, '2021-01-07 18:28:19', '2021-01-07 18:28:19');
INSERT INTO `edu_comment` VALUES ('1347127988086951937', '1316646928751214594', '1309414742121693186', '1195187659054329857', '孙晓晓', 'https://edu-wyw.oss-cn-beijing.aliyuncs.com/2021/01/07/6911cf51c0a846a8b2e502e4f2e94ca4t01ba6ea141fbcb6e8f.jpg', '授课教师的流行病学教学和实践经验丰富，授课过程中常结合教师亲自参与的流行病学调查和收集的一些原始调查资料进行讲解和分析，使学生在掌握流行病学基本原理的同时，获得一些实践知识。教师授课认真，风趣幽默，信息量大，获益匪浅。教师很敬业，备课充分，讲课非常生动，任课老师认真负责，不拖堂、早退。内容知识较为充实。', 0, '2021-01-07 18:28:35', '2021-01-07 18:28:35');
INSERT INTO `edu_comment` VALUES ('1347128008412549121', '1316646928751214594', '1309414742121693186', '1195187659054329857', '孙晓晓', 'https://edu-wyw.oss-cn-beijing.aliyuncs.com/%E5%B0%8F%E5%AD%A6%E6%95%B0%E5%AD%A6%E5%9C%A8%E7%BA%BF%E6%95%99%E8%82%B2/%E5%A4%B4%E5%83%8F/03.jpg', '还好哥还好', 0, '2021-01-07 18:28:40', '2021-01-07 18:28:40');
INSERT INTO `edu_comment` VALUES ('1347128029258240001', '1316646928751214594', '1309414742121693186', '1195187659054329857', '孙晓晓', 'https://edu-wyw.oss-cn-beijing.aliyuncs.com/%E5%B0%8F%E5%AD%A6%E6%95%B0%E5%AD%A6%E5%9C%A8%E7%BA%BF%E6%95%99%E8%82%B2/%E5%A4%B4%E5%83%8F/03.jpg', '不错不错', 0, '2021-01-07 18:28:45', '2021-01-07 18:28:45');
INSERT INTO `edu_comment` VALUES ('1347129107995480065', '1310063843804942337', '1189426437876985857', '1195187659054329857', '孙晓晓', 'https://edu-wyw.oss-cn-beijing.aliyuncs.com/2021/01/07/6911cf51c0a846a8b2e502e4f2e94ca4t01ba6ea141fbcb6e8f.jpg', '授课教师的流行病学教学和实践经验丰富，授课过程中常结合教师亲自参与的流行病学调查和收集的一些原始调查资料进行讲解和分析，使学生在掌握流行病学基本原理的同时，获得一些实践知识。教师授课认真，风趣幽默，信息量大，获益匪浅。教师很敬业，备课充分，讲课非常生动，任课老师认真负责，不拖堂、早退。内容知识较为充实。', 0, '2021-01-07 18:33:02', '2021-01-07 18:33:02');
INSERT INTO `edu_comment` VALUES ('1347129370894454785', '1310063843804942337', '1189426437876985857', '1314231375449284610', 'naumy', 'https://edu-wyw.oss-cn-beijing.aliyuncs.com/2021/01/07/9500377ddb5448e2a1021dab7f96bcdet01ba6ea141fbcb6e8f.jpg', '课程讲的很不错呢。', 0, '2021-01-07 18:34:05', '2021-01-07 18:34:05');
INSERT INTO `edu_comment` VALUES ('1347129813498384386', '1310063843804942337', '1189426437876985857', '1314231375449284610', 'naumy', 'https://edu-wyw.oss-cn-beijing.aliyuncs.com/2021/01/07/d3a07134fc444aa5b86f8235699ee35dpsc.webp.jpg', '课程讲的很不错呢。', 0, '2021-01-07 18:35:51', '2021-01-07 18:35:51');
INSERT INTO `edu_comment` VALUES ('1347130011297566721', '1312412095137173505', '1189390295668469762', '1314231375449284610', 'naumy', 'https://edu-wyw.oss-cn-beijing.aliyuncs.com/2021/01/07/d3a07134fc444aa5b86f8235699ee35dpsc.webp.jpg', '老师讲的很不错，欢迎大家一起观看。', 0, '2021-01-07 18:36:38', '2021-01-07 18:36:38');
INSERT INTO `edu_comment` VALUES ('1347423506489466882', '1314032816657506305', '1189390295668469762', '1347422603288080386', '魏焱文', 'https://edu-wyw.oss-cn-beijing.aliyuncs.com/2021/01/08/4c31f5e1e68445a7a5ad0f12edce8ebc01.jpg', '老师讲授的很细节，超级喜欢老师的教学方式。', 0, '2021-01-08 14:02:53', '2021-01-08 14:02:53');
INSERT INTO `edu_comment` VALUES ('1347423657333415938', '1314032816657506305', '1189390295668469762', '1347422603288080386', '魏焱文', 'https://edu-wyw.oss-cn-beijing.aliyuncs.com/2021/01/08/4c31f5e1e68445a7a5ad0f12edce8ebc01.jpg', '不错，动画很可爱，小朋友很喜欢', 0, '2021-01-08 14:03:28', '2021-01-08 14:03:28');
INSERT INTO `edu_comment` VALUES ('1347424634623025153', '1314034253835771906', '1309403107701252097', '1347422603288080386', '魏焱文', 'https://edu-wyw.oss-cn-beijing.aliyuncs.com/2021/01/08/4c31f5e1e68445a7a5ad0f12edce8ebc01.jpg', '老师讲授的很好，我很喜欢老师的教学风格。', 0, '2021-01-08 14:07:21', '2021-01-08 14:07:21');
INSERT INTO `edu_comment` VALUES ('1347425008096436225', '1316651341846888449', '1189390295668469762', '1347422603288080386', '魏焱文', 'https://edu-wyw.oss-cn-beijing.aliyuncs.com/2021/01/08/80457e462acd4086956e3ac7b864843dpsc.webp.jpg', '老师讲授的很好，我很喜欢老师的教授风格。', 0, '2021-01-08 14:08:51', '2021-01-08 14:08:51');
INSERT INTO `edu_comment` VALUES ('1347431795772153858', '1316374156540071937', '1189390295668469762', '1347422603288080386', '魏焱文', 'https://edu-wyw.oss-cn-beijing.aliyuncs.com/2021/01/08/80457e462acd4086956e3ac7b864843dpsc.webp.jpg', '授课教师的流行病学教学和实践经验丰富，授课过程中常结合教师亲自参与的流行病学调查和收集的一些原始调查资料进行讲解和分析，使学生在掌握流行病学基本原理的同时，获得一些实践知识。教师授课认真，风趣幽默，信息量大，获益匪浅。教师很敬业，备课充分，讲课非常生动，任课老师认真负责，不拖堂、早退。内容知识较为充实。', 0, '2021-01-08 14:35:49', '2021-01-08 14:35:49');
INSERT INTO `edu_comment` VALUES ('1347431838835073026', '1316646928751214594', '1309414742121693186', '1347422603288080386', '魏焱文', 'https://edu-wyw.oss-cn-beijing.aliyuncs.com/2021/01/08/80457e462acd4086956e3ac7b864843dpsc.webp.jpg', '授课教师的流行病学教学和实践经验丰富，授课过程中常结合教师亲自参与的流行病学调查和收集的一些原始调查资料进行讲解和分析，使学生在掌握流行病学基本原理的同时，获得一些实践知识。教师授课认真，风趣幽默，信息量大，获益匪浅。教师很敬业，备课充分，讲课非常生动，任课老师认真负责，不拖堂、早退。内容知识较为充实。', 0, '2021-01-08 14:35:59', '2021-01-08 14:35:59');
INSERT INTO `edu_comment` VALUES ('1348138856814338049', '1314032816657506305', '1189390295668469762', '1347422603288080386', '魏焱文', 'https://edu-wyw.oss-cn-beijing.aliyuncs.com/2021/01/08/80457e462acd4086956e3ac7b864843dpsc.webp.jpg', '不错，动画很可爱，小朋友很喜欢', 0, '2021-01-10 13:25:25', '2021-01-10 13:25:25');
INSERT INTO `edu_comment` VALUES ('1348139398928130049', '1316648058344390658', '1309414773969043458', '1347422603288080386', '魏焱文', 'https://edu-wyw.oss-cn-beijing.aliyuncs.com/2021/01/08/80457e462acd4086956e3ac7b864843dpsc.webp.jpg', '授课教师的流行病学教学和实践经验丰富，授课过程中常结合教师亲自参与的流行病学调查和收集的一些原始调查资料进行讲解和分析，使学生在掌握流行病学基本原理的同时，获得一些实践知识。教师授课认真，风趣幽默，信息量大，获益匪浅。教师很敬业，备课充分，讲课非常生动，任课老师认真负责，不拖堂、早退。内容知识较为充实。', 0, '2021-01-10 13:27:35', '2021-01-10 13:27:35');
INSERT INTO `edu_comment` VALUES ('1348267024686563329', '1348262749822566401', '1189390295668469762', '1347422603288080386', '魏焱文', 'https://edu-wyw.oss-cn-beijing.aliyuncs.com/2021/01/08/80457e462acd4086956e3ac7b864843dpsc.webp.jpg', 'cs ', 0, '2021-01-10 21:54:43', '2021-01-10 21:54:43');
INSERT INTO `edu_comment` VALUES ('1348267262587486210', '1348262749822566401', '1189390295668469762', '1347422603288080386', '魏焱文', 'https://edu-wyw.oss-cn-beijing.aliyuncs.com/2021/01/08/80457e462acd4086956e3ac7b864843dpsc.webp.jpg', 'cs ', 0, '2021-01-10 21:55:40', '2021-01-10 21:55:40');
INSERT INTO `edu_comment` VALUES ('1348268483423551490', '1348268289227276289', '1189390295668469762', '1347422603288080386', '魏焱文', 'https://edu-wyw.oss-cn-beijing.aliyuncs.com/2021/01/08/80457e462acd4086956e3ac7b864843dpsc.webp.jpg', '测试', 0, '2021-01-10 22:00:31', '2021-01-10 22:00:31');
INSERT INTO `edu_comment` VALUES ('1348436513721954305', '1348436311577473025', '1189390295668469762', '1191616288114163713', '温馨馨', 'https://edu-wyw.oss-cn-beijing.aliyuncs.com/2021/01/11/eb565661c6ff440886ee5ac089f4263502.jpg', '擦', 0, '2021-01-11 09:08:12', '2021-01-11 09:08:12');

-- ----------------------------
-- Table structure for edu_course
-- ----------------------------
DROP TABLE IF EXISTS `edu_course`;
CREATE TABLE `edu_course`  (
  `id` char(19) CHARACTER SET utf8mb4 COLLATE utf8mb4_general_ci NOT NULL COMMENT '课程ID',
  `teacher_id` char(19) CHARACTER SET utf8mb4 COLLATE utf8mb4_general_ci NOT NULL COMMENT '课程讲师ID',
  `subject_id` char(19) CHARACTER SET utf8mb4 COLLATE utf8mb4_general_ci NOT NULL COMMENT '课程专业ID',
  `subject_parent_id` char(19) CHARACTER SET utf8mb4 COLLATE utf8mb4_general_ci NULL DEFAULT NULL COMMENT '课程专业父级ID',
  `title` varchar(50) CHARACTER SET utf8mb4 COLLATE utf8mb4_general_ci NOT NULL COMMENT '课程标题',
  `price` decimal(10, 2) UNSIGNED NOT NULL DEFAULT 0.00 COMMENT '课程销售价格，设置为0则可免费观看',
  `lesson_num` int(10) UNSIGNED NOT NULL DEFAULT 0 COMMENT '总课时',
  `cover` varchar(255) CHARACTER SET utf8 COLLATE utf8_general_ci NULL DEFAULT NULL COMMENT '课程封面图片路径',
  `buy_count` bigint(10) UNSIGNED NOT NULL DEFAULT 0 COMMENT '销售数量',
  `view_count` bigint(10) UNSIGNED NOT NULL DEFAULT 2 COMMENT '浏览数量',
  `version` bigint(20) UNSIGNED NOT NULL DEFAULT 1 COMMENT '乐观锁',
  `status` varchar(10) CHARACTER SET utf8mb4 COLLATE utf8mb4_general_ci NOT NULL DEFAULT 'Draft' COMMENT '课程状态 Draft未发布  Normal已发布',
  `is_deleted` tinyint(3) NULL DEFAULT NULL COMMENT '逻辑删除 1（true）已删除， 0（false）未删除',
  `gmt_create` datetime(0) NOT NULL COMMENT '创建时间',
  `gmt_modified` datetime(0) NOT NULL COMMENT '更新时间',
  PRIMARY KEY (`id`) USING BTREE,
  INDEX `idx_title`(`title`) USING BTREE,
  INDEX `idx_subject_id`(`subject_id`) USING BTREE,
  INDEX `idx_teacher_id`(`teacher_id`) USING BTREE
) ENGINE = InnoDB CHARACTER SET = utf8mb4 COLLATE = utf8mb4_general_ci COMMENT = '课程' ROW_FORMAT = COMPACT;

-- ----------------------------
-- Records of edu_course
-- ----------------------------
INSERT INTO `edu_course` VALUES ('1310063843804942337', '1189426437876985857', '1316638318507802626', '1316638318398750722', '五年级奥数', 0.01, 2, 'https://edu-wyw.oss-cn-beijing.aliyuncs.com/2020/10/15/2851a86268cf47eeb15b46e9784485f3奥数五年级.jpg', 1, 225, 1, 'Normal', NULL, '2020-09-27 11:48:55', '2021-01-11 11:19:08');
INSERT INTO `edu_course` VALUES ('1312412095137173505', '1189390295668469762', '1316638318126120961', '1316638318021263362', '三年级趣味数学', 0.00, 1, 'https://edu-wyw.oss-cn-beijing.aliyuncs.com/2020/10/15/403c18ee10a447f2ad466305a8448de7趣味数学三.jpg', 0, 80, 1, 'Normal', NULL, '2020-10-03 23:20:02', '2021-01-11 10:52:48');
INSERT INTO `edu_course` VALUES ('1314032816657506305', '1189390295668469762', '1316638317782188034', '1316638317610221569', '一年级趣味数学', 0.01, 1, 'https://edu-wyw.oss-cn-beijing.aliyuncs.com/2020/10/15/7bbe64a57c454ef7833a448de2d76ccd趣味数学.jpg', 0, 32, 1, 'Normal', NULL, '2020-10-08 10:40:12', '2021-01-11 10:52:52');
INSERT INTO `edu_course` VALUES ('1314033740306161665', '1189390295668469762', '1316638317740244993', '1316638317610221569', '一年级数学新授课', 0.00, 5, 'https://edu-wyw.oss-cn-beijing.aliyuncs.com/2020/10/15/bec585caa58843009eb3a7a796663be0一年级上.jpg', 0, 10, 1, 'Normal', NULL, '2020-10-08 10:43:52', '2021-01-10 13:20:38');
INSERT INTO `edu_course` VALUES ('1314034253835771906', '1309403107701252097', '1316301775444340737', '1316301775414980610', '一年级数学新授课', 0.01, 10, 'https://edu-wyw.oss-cn-beijing.aliyuncs.com/2020/10/15/35173278353d4fb49211dbe93a6ea09f六年级上.jpg', 1, 14, 1, 'Normal', NULL, '2020-10-08 10:45:54', '2021-01-10 12:16:26');
INSERT INTO `edu_course` VALUES ('1316374156540071937', '1189390295668469762', '1316638317908017153', '1316638317874462722', '二年级数学新授课', 0.00, 7, 'https://edu-wyw.oss-cn-beijing.aliyuncs.com/2020/10/15/2941c4a24a2546988622cb06561f4ed9二年级上.jpg', 0, 28, 1, 'Normal', NULL, '2020-10-14 21:43:51', '2021-01-10 12:16:54');
INSERT INTO `edu_course` VALUES ('1316646928751214594', '1309414742121693186', '1316638318671380481', '1316638318545551362', '六年级奥数', 0.00, 4, 'https://edu-wyw.oss-cn-beijing.aliyuncs.com/2020/10/15/c21087390199454d9642a8eb5e734552奥数六年级.jpg', 0, 6, 1, 'Normal', NULL, '2020-10-15 15:47:45', '2021-01-08 14:35:55');
INSERT INTO `edu_course` VALUES ('1316648058344390658', '1309414773969043458', '1316638318323253249', '1316638318205812737', '四年级趣味数学', 88.00, 11, 'https://edu-wyw.oss-cn-beijing.aliyuncs.com/2020/10/15/e9da55d502d54b668e0132f13fcecfa2四年级.jpg', 2, 14, 1, 'Normal', NULL, '2020-10-15 15:52:14', '2021-01-11 10:53:08');
INSERT INTO `edu_course` VALUES ('1316648623640100865', '1309403385380913154', '1316638318235172865', '1316638318205812737', '四年级新授课', 0.00, 4, 'https://edu-wyw.oss-cn-beijing.aliyuncs.com/2020/10/15/7e149a1070c14434881a84e29effc921四年级下.jpg', 0, 0, 1, 'Normal', NULL, '2020-10-15 15:54:29', '2020-10-15 17:04:17');
INSERT INTO `edu_course` VALUES ('1316649158443220994', '1309403107701252097', '1316638318046429186', '1316638318021263362', '三年级新授课', 0.00, 3, 'https://edu-wyw.oss-cn-beijing.aliyuncs.com/2020/10/15/b8365ca50c9748fcbe19686f7d25661f三年级下.jpg', 0, 10, 1, 'Normal', NULL, '2020-10-15 15:56:36', '2020-10-26 12:28:52');
INSERT INTO `edu_course` VALUES ('1316649601718239234', '1309403107701252097', '1316638318084177921', '1316638318021263362', '三年级复习课', 0.00, 6, 'https://edu-wyw.oss-cn-beijing.aliyuncs.com/2020/10/15/dcae48a6d1f6450996622e972557c533三年级下.jpg', 0, 0, 1, 'Normal', NULL, '2020-10-15 15:58:22', '2020-10-15 17:03:47');
INSERT INTO `edu_course` VALUES ('1316650386921308161', '1309414773969043458', '1316638318361001986', '1316638318205812737', '四年级数学活动实践课', 0.00, 4, 'https://edu-wyw.oss-cn-beijing.aliyuncs.com/2020/10/15/7a3aea8a7dd5459d9763e9d604ba7c74四年级下.jpg', 0, 4, 1, 'Normal', NULL, '2020-10-15 16:01:29', '2021-01-11 08:58:27');
INSERT INTO `edu_course` VALUES ('1316650830611562498', '1189426464967995393', '1316638318461665282', '1316638318398750722', '五年级趣味数学', 55.00, 2, 'https://edu-wyw.oss-cn-beijing.aliyuncs.com/2020/10/15/cbe65ae9d1644d328f45eac7864ce32b趣味数学五.jpg', 1, 14, 1, 'Normal', NULL, '2020-10-15 16:03:15', '2021-01-11 10:53:26');
INSERT INTO `edu_course` VALUES ('1316651341846888449', '1189390295668469762', '1316638318461665282', '1316638318398750722', '五年级趣味数学', 1.00, 3, 'https://edu-wyw.oss-cn-beijing.aliyuncs.com/2020/10/15/137c184280cd4ba19a44374f664d9d52趣味数学.jpg', 1, 22, 1, 'Normal', NULL, '2020-10-15 16:05:17', '2021-01-11 14:32:25');

-- ----------------------------
-- Table structure for edu_course_collect
-- ----------------------------
DROP TABLE IF EXISTS `edu_course_collect`;
CREATE TABLE `edu_course_collect`  (
  `id` char(19) CHARACTER SET utf8mb4 COLLATE utf8mb4_general_ci NOT NULL COMMENT '收藏ID',
  `course_id` char(19) CHARACTER SET utf8mb4 COLLATE utf8mb4_general_ci NOT NULL COMMENT '课程讲师ID',
  `member_id` char(19) CHARACTER SET utf8mb4 COLLATE utf8mb4_general_ci NOT NULL DEFAULT '' COMMENT '课程专业ID',
  `is_deleted` tinyint(3) NOT NULL DEFAULT 0 COMMENT '逻辑删除 1（true）已删除， 0（false）未删除',
  `gmt_create` datetime(0) NOT NULL COMMENT '创建时间',
  `gmt_modified` datetime(0) NOT NULL COMMENT '更新时间',
  PRIMARY KEY (`id`) USING BTREE
) ENGINE = InnoDB CHARACTER SET = utf8mb4 COLLATE = utf8mb4_general_ci COMMENT = '课程收藏' ROW_FORMAT = COMPACT;

-- ----------------------------
-- Records of edu_course_collect
-- ----------------------------
INSERT INTO `edu_course_collect` VALUES ('1196269345666019330', '1192252213659774977', '1', 1, '2019-11-18 11:30:12', '2019-11-18 11:30:12');

-- ----------------------------
-- Table structure for edu_course_description
-- ----------------------------
DROP TABLE IF EXISTS `edu_course_description`;
CREATE TABLE `edu_course_description`  (
  `id` char(19) CHARACTER SET utf8mb4 COLLATE utf8mb4_general_ci NOT NULL COMMENT '课程ID',
  `description` text CHARACTER SET utf8mb4 COLLATE utf8mb4_general_ci NULL COMMENT '课程简介',
  `gmt_create` datetime(0) NOT NULL COMMENT '创建时间',
  `gmt_modified` datetime(0) NOT NULL COMMENT '更新时间',
  PRIMARY KEY (`id`) USING BTREE
) ENGINE = InnoDB CHARACTER SET = utf8mb4 COLLATE = utf8mb4_general_ci COMMENT = '课程简介' ROW_FORMAT = DYNAMIC;

-- ----------------------------
-- Records of edu_course_description
-- ----------------------------
INSERT INTO `edu_course_description` VALUES ('1104870479077879809', '<p>11</p>', '2019-03-11 06:23:44', '2019-03-11 06:23:44');
INSERT INTO `edu_course_description` VALUES ('1310063843804942337', '<p>本教材例题和练习题都是由多年教学经验的老师们精挑细选，编写体例和栏目设置也经过反复地探索，研讨。并通过实践证明这可以有效促进知识的消化，吸收和升华，只要坚持学，肯定会受益匪浅。</p>\n<p>适用学员：</p>\n<p>此课程针对有数学优势并想进一步突出优势的学生。考试成绩中等及以上学员。</p>\n<p>课程特色：</p>\n<p>系统检测学习漏洞，及时发现问题，解决问题。教会孩子掌握方法，把握学习的黄金时间，合理、高效利用时间，高效地学习。归纳整理学习体系，重点启发孩子思维，为初高中学习奠定基础。</p>', '2020-09-27 11:48:55', '2020-10-15 17:06:36');
INSERT INTO `edu_course_description` VALUES ('1312412095137173505', '<p>&nbsp;</p>\n<p>课程特色：</p>\n<p>系统检测学习漏洞，及时发现问题，解决问题。教会孩子掌握方法，把握学习的黄金时间，合理、高效利用时间，高效地学习。归纳整理学习体系，重点启发孩子思维，为初高中学习奠定基础。</p>', '2020-10-03 23:20:02', '2020-10-15 17:06:22');
INSERT INTO `edu_course_description` VALUES ('1314032816657506305', '<p>&nbsp;</p>\n<p><strong>课程特色：</strong></p>\n<p><strong>系统检测学习漏洞，及时发现问题，解决问题。教会孩子掌握方法，把握学习的黄金时间，合理、高效利用时间，高效地学习。</strong></p>\n<p><strong>归纳整理学习体系，重点启发孩子思维，为初高中学习奠定基础。</strong></p>', '2020-10-08 10:40:12', '2020-10-15 17:06:08');
INSERT INTO `edu_course_description` VALUES ('1314033740306161665', '<p>1. 学习目标</p>\n<p>（1）重要的转型时期，重点培养自主学习能力；</p>\n<p>（2）学会举一反三，提高解题能力；</p>\n<p>（3）确立学习的优势；</p>\n<p>（4）初步参与数学竞赛。</p>\n<p>2. 课程特色</p>\n<p>（1）本地化、系统化的思维训练教材</p>\n<p>（2）跟踪练习题，针对性训练</p>\n<p>（3）期中期末点题资料</p>\n<p>（4）微信公众号，提供最新资讯</p>\n<p>3. 教学方法</p>\n<p>（1）多媒体、讲练结合</p>\n<p>（2）系统化测试及反馈</p>\n<p>4. 主要内容</p>\n<p>计算：速算与巧算技巧，竖式谜培养数感</p>\n<p>应用题：各专题经典应用题解题方法</p>\n<p>组合：奇数与偶数的应用</p>\n<p>图形：图形的剪拼，建立几何图形周长概念</p>', '2020-10-08 10:43:52', '2020-10-15 17:05:54');
INSERT INTO `edu_course_description` VALUES ('1314034253835771906', '<p><strong>展示数学的神奇智慧和艺术般的魅力，激发学生的数学兴趣和探&ensp;索求知的欲望，在不知不觉中将学生引入奇妙的数学世界之中。人&ensp;人学有价值的数学，人人都能获得必需的数学，不同的人在数学上&ensp;得到不同的发展。</strong></p>', '2020-10-08 10:45:54', '2020-10-15 17:05:34');
INSERT INTO `edu_course_description` VALUES ('1316374156540071937', '<p>1. 学习目标</p>\n<p>（1）重要的转型时期，重点培养自主学习能力；</p>\n<p>（2）学会举一反三，提高解题能力；</p>\n<p>（3）确立学习的优势；</p>\n<p>（4）初步参与数学竞赛。</p>\n<p>2. 课程特色</p>\n<p>（1）本地化、系统化的思维训练教材</p>\n<p>（2）跟踪练习题，针对性训练</p>\n<p>（3）期中期末点题资料</p>\n<p>3. 教学方法</p>\n<p>（1）多媒体、讲练结合</p>\n<p>（2）系统化测试及反馈</p>\n<p>4. 主要内容</p>\n<p>计算：速算与巧算技巧，竖式谜培养数感</p>\n<p>应用题：各专题经典应用题解题方法</p>\n<p>组合：奇数与偶数的应用</p>\n<p>图形：图形的剪拼，建立几何图形周长概念</p>', '2020-10-14 21:43:51', '2020-10-15 17:05:18');
INSERT INTO `edu_course_description` VALUES ('1316646928751214594', '<p>本教材例题和练习题都是由多年教学经验的老师们精挑细选，编写体例和栏目设置也经过反复地探索，研讨。并通过实践证明这可以有效促进知识的消化，吸收和升华，只要坚持学，肯定会受益匪浅。</p>\n<p>适用学员：</p>\n<p>此课程针对有数学优势并想进一步突出优势的学生。考试成绩中等及以上学员。</p>\n<p>课程特色：</p>\n<p>教会孩子掌握方法，把握学习的黄金时间，合理、高效利用时间，高效地学习。归纳整理学习体系，重点启发孩子思维，为初高中学习奠定基础。</p>', '2020-10-15 15:47:45', '2020-10-15 17:05:02');
INSERT INTO `edu_course_description` VALUES ('1316648058344390658', '<p>&nbsp;</p>\n<p>课程特色：</p>\n<p>系统检测学习漏洞，及时发现问题，解决问题。教会孩子掌握方法，把握学习的黄金时间，合理、高效利用时间，高效地学习。归纳整理学习体系，重点启发孩子思维，为初高中学习奠定基础。</p>', '2020-10-15 15:52:14', '2020-10-15 17:04:25');
INSERT INTO `edu_course_description` VALUES ('1316648623640100865', '<p>1. 学习目标</p>\n<p>（1）重要的转型时期，重点培养自主学习能力；</p>\n<p>（2）学会举一反三，提高解题能力；</p>\n<p>（3）确立学习的优势；</p>\n<p>（4）初步参与数学竞赛。</p>\n<p>2. 课程特色</p>\n<p>（1）本地化、系统化的思维训练教材</p>\n<p>（2）跟踪练习题，针对性训练</p>\n<p>（3）期中期末点题资料</p>\n<p>（4）微信公众号，提供最新资讯</p>\n<p>3. 教学方法</p>\n<p>（1）多媒体、讲练结合</p>\n<p>（2）系统化测试及反馈</p>\n<p>4. 主要内容</p>\n<p>计算：速算与巧算技巧，竖式谜培养数感</p>\n<p>应用题：各专题经典应用题解题方法</p>\n<p>组合：奇数与偶数的应用</p>\n<p>图形：图形的剪拼，建立几何图形周长概念</p>', '2020-10-15 15:54:29', '2020-10-15 17:04:14');
INSERT INTO `edu_course_description` VALUES ('1316649158443220994', '<p>&nbsp;</p>\n<p>课程特色：</p>\n<p>系统检测学习漏洞，及时发现问题，解决问题。教会孩子掌握方法，把握学习的黄金时间，合理、高效利用时间，高效地学习。归纳整理学习体系，重点启发孩子思维，为初高中学习奠定基础。</p>', '2020-10-15 15:56:36', '2020-10-15 17:03:57');
INSERT INTO `edu_course_description` VALUES ('1316649601718239234', '<p>1. 学习目标</p>\n<p>（1）重要的转型时期，重点培养自主学习能力；</p>\n<p>（2）学会举一反三，提高解题能力；</p>\n<p>（3）确立学习的优势；</p>\n<p>（4）初步参与数学竞赛。</p>\n<p>2. 课程特色</p>\n<p>（1）本地化、系统化的思维训练教材</p>\n<p>（2）跟踪练习题，针对性训练</p>\n<p>（3）期中期末点题资料</p>\n<p>（4）微信公众号，提供最新资讯</p>\n<p>3. 教学方法</p>\n<p>（1）多媒体、讲练结合</p>\n<p>（2）系统化测试及反馈</p>\n<p>4. 主要内容</p>\n<p>计算：速算与巧算技巧，竖式谜培养数感</p>\n<p>应用题：各专题经典应用题解题方法</p>\n<p>组合：奇数与偶数的应用</p>\n<p>图形：图形的剪拼，建立几何图形周长概念</p>', '2020-10-15 15:58:22', '2020-10-15 17:03:44');
INSERT INTO `edu_course_description` VALUES ('1316650386921308161', '<p>&nbsp;</p>\n<p>课程特色：</p>\n<p>系统检测学习漏洞，及时发现问题，解决问题。教会孩子掌握方法，把握学习的黄金时间，合理、高效利用时间，高效地学习。归纳整理学习体系，重点启发孩子思维，为初高中学习奠定基础。</p>', '2020-10-15 16:01:29', '2020-10-15 17:03:29');
INSERT INTO `edu_course_description` VALUES ('1316650830611562498', '<p>本教材例题和练习题都是由多年教学经验的老师们精挑细选，编写体例和栏目设置也经过反复地探索，研讨。并通过实践证明这可以有效促进知识的消化，吸收和升华，只要坚持学，肯定会受益匪浅。</p>\n<p>适用学员：</p>\n<p>此课程针对有数学优势并想进一步突出优势的学生。考试成绩中等及以上学员。</p>\n<p>课程特色：</p>\n<p>系统检测学习漏洞，及时发现问题，解决问题。教会孩子掌握方法，把握学习的黄金时间，合理、高效利用时间，高效地学习。归纳整理学习体系，重点启发孩子思维，为初高中学习奠定基础。</p>', '2020-10-15 16:03:15', '2020-10-26 23:22:48');
INSERT INTO `edu_course_description` VALUES ('1316651341846888449', '<p>1. 学习目标</p>\n<p>（1）重要的转型时期，重点培养自主学习能力；</p>\n<p>（2）学会举一反三，提高解题能力；</p>\n<p>（3）确立学习的优势；</p>\n<p>（4）初步参与数学竞赛。</p>\n<p>2. 课程特色</p>\n<p>（1）本地化、系统化的思维训练教材</p>\n<p>（2）跟踪练习题，针对性训练</p>\n<p>（3）期中期末点题资料</p>\n<p>（4）微信公众号，提供最新资讯</p>\n<p>3. 教学方法</p>\n<p>（1）多媒体、讲练结合</p>\n<p>（2）系统化测试及反馈</p>\n<p>4. 主要内容</p>\n<p>计算：速算与巧算技巧，竖式谜培养数感</p>\n<p>应用题：各专题经典应用题解题方法</p>\n<p>组合：奇数与偶数的应用</p>\n<p>图形：图形的剪拼，建立几何图形周长概念</p>', '2020-10-15 16:05:17', '2020-10-15 17:02:52');
INSERT INTO `edu_course_description` VALUES ('1320748673114791937', '<p>14454</p>', '2020-10-26 23:26:37', '2020-10-26 23:34:04');
INSERT INTO `edu_course_description` VALUES ('1320751392978329601', '<p>5</p>', '2020-10-26 23:37:25', '2020-10-26 23:37:25');
INSERT INTO `edu_course_description` VALUES ('1320752176101023746', '<p>3</p>', '2020-10-26 23:40:32', '2020-10-26 23:40:32');

-- ----------------------------
-- Table structure for edu_subject
-- ----------------------------
DROP TABLE IF EXISTS `edu_subject`;
CREATE TABLE `edu_subject`  (
  `id` char(19) CHARACTER SET utf8mb4 COLLATE utf8mb4_general_ci NOT NULL COMMENT '课程类别ID',
  `title` varchar(10) CHARACTER SET utf8mb4 COLLATE utf8mb4_general_ci NOT NULL COMMENT '类别名称',
  `parent_id` char(19) CHARACTER SET utf8mb4 COLLATE utf8mb4_general_ci NOT NULL DEFAULT '0' COMMENT '父ID',
  `sort` int(10) UNSIGNED NOT NULL DEFAULT 0 COMMENT '排序字段',
  `gmt_create` datetime(0) NOT NULL COMMENT '创建时间',
  `gmt_modified` datetime(0) NOT NULL COMMENT '更新时间',
  PRIMARY KEY (`id`) USING BTREE,
  INDEX `idx_parent_id`(`parent_id`) USING BTREE
) ENGINE = InnoDB CHARACTER SET = utf8mb4 COLLATE = utf8mb4_general_ci COMMENT = '课程科目' ROW_FORMAT = COMPACT;

-- ----------------------------
-- Records of edu_subject
-- ----------------------------
INSERT INTO `edu_subject` VALUES ('1316638317610221569', '一年级数学', '0', 0, '2020-10-15 15:13:32', '2020-10-15 15:13:32');
INSERT INTO `edu_subject` VALUES ('1316638317740244993', '新授课', '1316638317610221569', 0, '2020-10-15 15:13:32', '2020-10-15 15:13:32');
INSERT INTO `edu_subject` VALUES ('1316638317782188033', '复习课', '1316638317610221569', 0, '2020-10-15 15:13:32', '2020-10-15 15:13:32');
INSERT INTO `edu_subject` VALUES ('1316638317782188034', '趣味数学', '1316638317610221569', 0, '2020-10-15 15:13:32', '2020-10-15 15:13:32');
INSERT INTO `edu_subject` VALUES ('1316638317874462722', '二年级数学', '0', 0, '2020-10-15 15:13:32', '2020-10-15 15:13:32');
INSERT INTO `edu_subject` VALUES ('1316638317908017153', '新授课', '1316638317874462722', 0, '2020-10-15 15:13:32', '2020-10-15 15:13:32');
INSERT INTO `edu_subject` VALUES ('1316638317945765889', '复习课', '1316638317874462722', 0, '2020-10-15 15:13:32', '2020-10-15 15:13:32');
INSERT INTO `edu_subject` VALUES ('1316638317983514626', '趣味数学', '1316638317874462722', 0, '2020-10-15 15:13:32', '2020-10-15 15:13:32');
INSERT INTO `edu_subject` VALUES ('1316638318021263362', '三年级数学', '0', 0, '2020-10-15 15:13:32', '2020-10-15 15:13:32');
INSERT INTO `edu_subject` VALUES ('1316638318046429186', '新授课', '1316638318021263362', 0, '2020-10-15 15:13:32', '2020-10-15 15:13:32');
INSERT INTO `edu_subject` VALUES ('1316638318084177921', '复习课', '1316638318021263362', 0, '2020-10-15 15:13:32', '2020-10-15 15:13:32');
INSERT INTO `edu_subject` VALUES ('1316638318126120961', '趣味数学', '1316638318021263362', 0, '2020-10-15 15:13:32', '2020-10-15 15:13:32');
INSERT INTO `edu_subject` VALUES ('1316638318168064001', '活动实践课', '1316638318021263362', 0, '2020-10-15 15:13:32', '2020-10-15 15:13:32');
INSERT INTO `edu_subject` VALUES ('1316638318205812737', '四年级数学', '0', 0, '2020-10-15 15:13:32', '2020-10-15 15:13:32');
INSERT INTO `edu_subject` VALUES ('1316638318235172865', '新授课', '1316638318205812737', 0, '2020-10-15 15:13:32', '2020-10-15 15:13:32');
INSERT INTO `edu_subject` VALUES ('1316638318281310209', '复习课', '1316638318205812737', 0, '2020-10-15 15:13:32', '2020-10-15 15:13:32');
INSERT INTO `edu_subject` VALUES ('1316638318323253249', '趣味数学', '1316638318205812737', 0, '2020-10-15 15:13:32', '2020-10-15 15:13:32');
INSERT INTO `edu_subject` VALUES ('1316638318361001986', '活动实践课', '1316638318205812737', 0, '2020-10-15 15:13:32', '2020-10-15 15:13:32');
INSERT INTO `edu_subject` VALUES ('1316638318398750722', '五年级数学', '0', 0, '2020-10-15 15:13:32', '2020-10-15 15:13:32');
INSERT INTO `edu_subject` VALUES ('1316638318428110850', '新授课', '1316638318398750722', 0, '2020-10-15 15:13:32', '2020-10-15 15:13:32');
INSERT INTO `edu_subject` VALUES ('1316638318461665282', '趣味数学', '1316638318398750722', 0, '2020-10-15 15:13:32', '2020-10-15 15:13:32');
INSERT INTO `edu_subject` VALUES ('1316638318507802626', '小学奥数五年级', '1316638318398750722', 0, '2020-10-15 15:13:32', '2020-10-15 15:13:32');
INSERT INTO `edu_subject` VALUES ('1316638318545551362', '六年级数学', '0', 0, '2020-10-15 15:13:32', '2020-10-15 15:13:32');
INSERT INTO `edu_subject` VALUES ('1316638318583300097', '新授课', '1316638318545551362', 0, '2020-10-15 15:13:32', '2020-10-15 15:13:32');
INSERT INTO `edu_subject` VALUES ('1316638318633631746', '复习课', '1316638318545551362', 0, '2020-10-15 15:13:32', '2020-10-15 15:13:32');
INSERT INTO `edu_subject` VALUES ('1316638318671380481', '小学奥数六年级', '1316638318545551362', 0, '2020-10-15 15:13:32', '2020-10-15 15:13:32');
INSERT INTO `edu_subject` VALUES ('1347060351722115075', '新授课', '1347060351722115074', 0, '2021-01-07 13:59:50', '2021-01-07 13:59:50');
INSERT INTO `edu_subject` VALUES ('1347060351814389762', '小学奥数六年级', '1347060351722115074', 0, '2021-01-07 13:59:50', '2021-01-07 13:59:50');
INSERT INTO `edu_subject` VALUES ('1348262399921143809', '练习课', '1348262399791120386', 0, '2021-01-10 21:36:20', '2021-01-10 21:36:20');
INSERT INTO `edu_subject` VALUES ('1348262399958892546', '小学奥数六年级', '1348262399791120386', 0, '2021-01-10 21:36:20', '2021-01-10 21:36:20');

-- ----------------------------
-- Table structure for edu_teacher
-- ----------------------------
DROP TABLE IF EXISTS `edu_teacher`;
CREATE TABLE `edu_teacher`  (
  `id` char(19) CHARACTER SET utf8mb4 COLLATE utf8mb4_general_ci NOT NULL COMMENT '讲师ID',
  `name` varchar(20) CHARACTER SET utf8mb4 COLLATE utf8mb4_general_ci NOT NULL COMMENT '讲师姓名',
  `intro` varchar(500) CHARACTER SET utf8mb4 COLLATE utf8mb4_general_ci NOT NULL DEFAULT '' COMMENT '讲师简介',
  `career` varchar(500) CHARACTER SET utf8mb4 COLLATE utf8mb4_general_ci NULL DEFAULT NULL COMMENT '讲师资历,一句话说明讲师',
  `level` int(10) UNSIGNED NOT NULL COMMENT '头衔 1高级讲师 2首席讲师',
  `avatar` varchar(255) CHARACTER SET utf8mb4 COLLATE utf8mb4_general_ci NULL DEFAULT NULL COMMENT '讲师头像',
  `sort` int(10) UNSIGNED NOT NULL DEFAULT 0 COMMENT '排序',
  `is_deleted` tinyint(1) UNSIGNED NOT NULL DEFAULT 0 COMMENT '逻辑删除 1（true）已删除， 0（false）未删除',
  `gmt_create` datetime(0) NOT NULL COMMENT '创建时间',
  `gmt_modified` datetime(0) NOT NULL COMMENT '更新时间',
  PRIMARY KEY (`id`) USING BTREE,
  UNIQUE INDEX `uk_name`(`name`) USING BTREE
) ENGINE = InnoDB CHARACTER SET = utf8mb4 COLLATE = utf8mb4_general_ci COMMENT = '讲师' ROW_FORMAT = DYNAMIC;

-- ----------------------------
-- Records of edu_teacher
-- ----------------------------
INSERT INTO `edu_teacher` VALUES ('1189390295668469762', '李刚', '点睛狂魔∶熟悉全国各重点地区，把握总结精准。\n讲题狂魔︰热衷于探究各种解题方法和教学思路，举一反三，玩转数学。\n直播狂魔∶讲题嗨翻全场，做题坑遍全员。做有趣而有深度的“语文”老师。\n教育理想:让每一位学生都有所进步，学有所成!当然必须要开心做题。\n希望你们成为的样子∶见到每一道题会笑!真的笑!不仅会做，更是逻辑培养。\n我想对你说∶16年数学学习生涯中，一直觉得数学是有趣的，有灵魂的。\n你觉得呢?相信在宇蒙老师的陪伴下，你也能感受到它的魅力。\n', '全国高中生数学活动三等奖 保送，加分兼有 热爱摄影、科技、足球;当然更爱做题....', 2, 'https://edu-wyw.oss-cn-beijing.aliyuncs.com/2020/10/14/fbc1c0fe8c0045f0ac5a93608ac15ad3file.png', 6, 0, '2019-10-30 11:55:19', '2020-10-14 21:25:40');
INSERT INTO `edu_teacher` VALUES ('1189426437876985857', '王二', '通俗易懂、幽默风趣、坑王之王，发际线男孩，外号--卤蛋。 连续多年带出北京单科满分学员 累计授课5000+小时，累计教授学员1.5万+ 担任学而思网校初中数学学科负责人', '初中数学联赛满分 黄冈市第二名保送黄冈中学 高中联赛2次一等奖保送中科大', 1, 'https://edu-wyw.oss-cn-beijing.aliyuncs.com/2020/10/14/5e6d632a95a44f03879d405f4007d0e6file.png', 6, 0, '2019-10-30 14:18:56', '2020-10-14 21:23:51');
INSERT INTO `edu_teacher` VALUES ('1189426464967995393', '王五', '家长选择网校前可能会疑惑∶老师长得很凶残，讲的很催眠，孩子凭什么能坚持听?事实上，吴铮学员90%以上能显著进步，凭什么?最主要的原因就是∶吴铮 老师的课程和长相一样幽默，吃瓜群众如果不信，可以搜索超级老师吴铮，感受一下哦（别在吃饭时看）', '初中数学联赛满分 黄冈市第二名保送黄冈中学 高中联赛2次一等奖保送中科大。', 1, 'https://edu-wyw.oss-cn-beijing.aliyuncs.com/2020/10/14/6b5428a4ddc1469e812f844468ed242efile.png', 0, 0, '2019-10-30 14:19:02', '2020-10-14 21:22:43');
INSERT INTO `edu_teacher` VALUES ('1192249914833055746', '李四', '7年家教经验，累计授课400+小时，熟悉孩子心理!参加过北大自招，熟悉历年政策走向，规划新初一创新班产品，专注为孩子提供专业的培养方案!\n', '所获荣誉:北京大学三好学生;国家励志奖学金;多项学业奖学金 北京大学自主招生加分20分 兴趣爱好:徜徉书中三干载，自有灵魂百世长', 1, 'https://edu-wyw.oss-cn-beijing.aliyuncs.com/2020/10/14/b87544a4f957477094d6f785f7fcf855file.png', 0, 0, '2019-11-07 09:18:25', '2020-10-14 21:20:47');
INSERT INTO `edu_teacher` VALUES ('1309403107701252097', '李换胡', '亲爱的孩子们，初中是你们成长的关键时期，也是知识储备的关键节点。发散思维，在数学中寻找属于你自己的成就感。我希望通过我的力量能够帮助你，“扎实基础，步步探索，逐步提升”，经过我的讲解，使你的疑惑恍然大明白，找到数学的乐趣，一飞冲天。\n', '2014年，荣获网校第二届教师大赛优秀班长 2015年，荣获网校第三届教师大赛风云教师 2016年，荣获“好未来”年度优秀教师、网校年度优秀教师', 1, 'https://edu-wyw.oss-cn-beijing.aliyuncs.com/2020/10/14/dce74ce905be4d0291ad61783e22db8afile.png', 6, 0, '2020-09-25 16:03:23', '2020-10-14 21:18:16');
INSERT INTO `edu_teacher` VALUES ('1309403385380913154', '罗杰', '教学风格\n由粗浅入精微，穿针引线\n以活泼佐严谨，寓教于乐\n教学理念\n举一反三，从举一反一开始\n掌握考点，不如精通知识点\n', '本、硕毕业于清华大学 高考总分全省48名 学而思网校初中数学主讲、教研员 初、高中数学联赛获奖', 1, 'https://edu-wyw.oss-cn-beijing.aliyuncs.com/2020/10/14/abfa56f66df44885963638323b4b4069file.png', 5, 0, '2020-09-25 16:04:29', '2020-10-14 21:15:18');
INSERT INTO `edu_teacher` VALUES ('1309414296544002050', '张杰瑞', '初中的时候我根本没有择校的压力，因为方圆一百里就一所学校。我所在的班是实验班，新老师拿我们做实验。我有一个老师，说话结巴∶同同同学们，这三道题答案是BBBCCCAAA，你们都对对了吗?还有一个英语老师，一口地道的河南英语充满乡士气息。早上我们在荒郊野岭跑步，经常被野狗追，晚上我们点着蜡烛自习，经常学到火烧眉毛。但是即使在最艰难的时候，我也没有放弃，为的是赢得一个见识知识世界的机会。现在，我见到了这个世界的美好，并且会努力让更多人感觉到。\n', '超级老师全国总决赛冠军﹔ 家长帮首席教育专家; 激情幽默派教师代表。', 1, 'https://edu-wyw.oss-cn-beijing.aliyuncs.com/2020/10/14/7346761de2de4cdc8879230ec280cae8file.png', 2, 0, '2020-09-25 16:47:51', '2021-01-11 08:59:15');
INSERT INTO `edu_teacher` VALUES ('1309414742121693186', '李紫薇', '家长选择网校前可能会疑惑∶老师长得很凶残，讲的很催眠，孩子凭什么能坚持听?事实上，吴铮学员90%以上能显著进步，凭什么?最主要的原因就是∶吴铮\n老师的课程和长相一样幽默，吃瓜群众如果不信，可以搜索超级老师吴铮，感受一下哦（别在吃饭时看）\n', '2014年，荣获网校第二届教师大赛优秀班长 2015年，荣获网校第三届教师大赛风云教师 2016年，荣获“好未来”年度优秀教师、网校年度优秀教师', 1, 'https://edu-wyw.oss-cn-beijing.aliyuncs.com/2020/10/14/3573697aec604444963ca1f92ca3adf6file.png', 0, 0, '2020-09-25 16:49:37', '2020-10-14 21:11:12');
INSERT INTO `edu_teacher` VALUES ('1309414773969043458', '李章', '举一反三，事半功倍:\n内容扩展较多，除讲授课本知识外，补充了很多课外内容。总结极为完善。\n抽丝剥茧，精确制导:\n讲课极为细致，各类易错点、必考点总结精准到位，课堂上毫无废话，信息量极大。\n', '学而思教师功底测试连续三次满分 2014年，荣获网校第二届教师大赛优秀班长 2015年，荣获网校第三届教师大塞风云教师 2016年，荣获“好未来”年度优秀教师、网校年度优秀教师', 1, 'https://edu-wyw.oss-cn-beijing.aliyuncs.com/2020/10/14/920557772817495b93b13bbf8e7a1655file.png', 5, 0, '2020-09-25 16:49:45', '2020-10-14 21:09:19');
INSERT INTO `edu_teacher` VALUES ('1309414846178181121', '芳泽', '无论是对孩子们学习上的指导还是成长道路上的引导，我都有白己的见解。我喜欢运用生活举例、归纳总结、分类对比等技巧，让学生们从不同层面理解知识，使学生对知识的掌握不仅仅局限于书本表面，而是真正把知识联系到实际生活中，在笑声中不知不觉牢记所学。\n“对每一个学生负责到底”是我许下的诺言; “把学生当成自己最好的朋友”是我一直秉持的观点;', '连续四年荣获学而思优秀教师 2012年度学而思教育集团“十佳教师” 2013年度学而思培优“优秀教师”、网校年度优秀教师', 1, 'https://edu-wyw.oss-cn-beijing.aliyuncs.com/2020/10/14/f2eda140ac3d4ecbbe277b71bb2f1d34file.png', 1, 0, '2020-09-25 16:50:02', '2020-10-14 21:19:14');
INSERT INTO `edu_teacher` VALUES ('1309414897214472193', '魏焱文', '通俗易懂、幽默风趣、坑王之王，发际线男孩，外号--卤蛋。\n连续多年带出北京单科满分学员 累计授课5000+小时，累计教授学员1.5万+ 担任学而思网校初中数学学科负责人', '连续多年带出北京单科满分学员 累计授课5000+小时，累计教授学员1.5万+ 担任学而思网校初中数学学科负责人', 1, 'https://edu-wyw.oss-cn-beijing.aliyuncs.com/2020/10/14/0f2a9ff4a84f44dda44a40c9167ad12cfile.png', 2, 0, '2020-09-25 16:50:14', '2020-10-14 21:02:04');
INSERT INTO `edu_teacher` VALUES ('1309683282586312706', '王刚', '家长选择网校前可能会疑惑∶老师长得很凶残，讲的很催眠，孩子凭什么能坚持听?事实上，吴铮学员90%以上能显著进步，凭什么?最主要的原因就是∶吴铮老师的课程和长相一样幽默，吃瓜群众如果不信，可以搜索超级老师吴铮，感受一下哦（别在吃饭时看）\n', '教学时长：17年，专注于小学数学的优质教学。学而思面授班优秀教师， 超级老师全国总决赛冠军， 家长帮首席教育专家;，激情幽默派教师代表。', 1, 'https://edu-wyw.oss-cn-beijing.aliyuncs.com/2020/10/14/463a00c8b6084026bcd656630febfa4bfile.png', 0, 0, '2020-09-26 10:36:42', '2020-10-14 21:18:39');
INSERT INTO `edu_teacher` VALUES ('1316371287678078978', '张爱丽', '注重思维培养，善于分析引导，精于知识总结，关注习惯培养。\n1.过程扎实，方法灵活:通过授人以“渔”的方式，提高学生的能力。\n2教学相长，师生和谐:尊重学生，赏识学生，帮助学生快乐的学习与成长。\n潜心教学，精益求精;严字当头，爱心相随。\n努力让自己的思想和行动在孩子的心灵中留下印记，而不是只靠简单的知识传授和方法、技能培养成为一个教者;努力在孩子的灵魂深处播种下求知的种子，用“问题”来点燃学生的智慧之火。\n', '理科生背景出身，数学功底深厚 网校资深教研员，汇编多种解题模型 ，熟知命题思路 人社部认证青少年教育指导培训师', 1, 'https://edu-wyw.oss-cn-beijing.aliyuncs.com/2020/10/14/c46c5b1c407d4333b1150fd8d51f415ffile.png', 1, 0, '2020-10-14 21:32:27', '2021-01-07 14:05:55');
INSERT INTO `edu_teacher` VALUES ('1321294511167758337', '11', '11', '11', 1, 'https://edu-wyw.oss-cn-beijing.aliyuncs.com/2020/10/28/0cc4cd70f2c143e98b81ca0cc0040281file.png', 1, 1, '2020-10-28 11:35:35', '2020-10-28 11:35:46');
INSERT INTO `edu_teacher` VALUES ('1348261861406064641', '测试', '老师讲授的课程很好', '11', 1, 'https://edu-wyw.oss-cn-beijing.aliyuncs.com/2021/01/10/8226368d14ab4cf89749a224654b8bb4file.png', 0, 1, '2021-01-10 21:34:12', '2021-01-10 21:35:28');

-- ----------------------------
-- Table structure for edu_video
-- ----------------------------
DROP TABLE IF EXISTS `edu_video`;
CREATE TABLE `edu_video`  (
  `id` char(19) CHARACTER SET utf8mb4 COLLATE utf8mb4_general_ci NOT NULL COMMENT '视频ID',
  `course_id` char(19) CHARACTER SET utf8mb4 COLLATE utf8mb4_general_ci NOT NULL COMMENT '课程ID',
  `chapter_id` char(19) CHARACTER SET utf8mb4 COLLATE utf8mb4_general_ci NOT NULL COMMENT '章节ID',
  `title` varchar(50) CHARACTER SET utf8mb4 COLLATE utf8mb4_general_ci NOT NULL COMMENT '节点名称',
  `video_source_id` varchar(100) CHARACTER SET utf8mb4 COLLATE utf8mb4_general_ci NULL DEFAULT NULL COMMENT '云端视频资源',
  `video_original_name` varchar(100) CHARACTER SET utf8mb4 COLLATE utf8mb4_general_ci NULL DEFAULT NULL COMMENT '原始文件名称',
  `sort` int(10) UNSIGNED NOT NULL DEFAULT 0 COMMENT '排序字段',
  `play_count` bigint(20) UNSIGNED NOT NULL DEFAULT 0 COMMENT '播放次数',
  `is_free` tinyint(1) UNSIGNED NOT NULL DEFAULT 0 COMMENT '是否可以试听：0收费 1免费',
  `duration` float NOT NULL DEFAULT 0 COMMENT '视频时长（秒）',
  `status` varchar(20) CHARACTER SET utf8mb4 COLLATE utf8mb4_general_ci NOT NULL DEFAULT 'Empty' COMMENT 'Empty未上传 Transcoding转码中  Normal正常',
  `size` bigint(20) UNSIGNED NOT NULL DEFAULT 0 COMMENT '视频源文件大小（字节）',
  `version` bigint(20) UNSIGNED NOT NULL DEFAULT 1 COMMENT '乐观锁',
  `gmt_create` datetime(0) NOT NULL COMMENT '创建时间',
  `gmt_modified` datetime(0) NOT NULL COMMENT '更新时间',
  PRIMARY KEY (`id`) USING BTREE,
  INDEX `idx_course_id`(`course_id`) USING BTREE,
  INDEX `idx_chapter_id`(`chapter_id`) USING BTREE
) ENGINE = InnoDB CHARACTER SET = utf8mb4 COLLATE = utf8mb4_general_ci COMMENT = '课程视频' ROW_FORMAT = COMPACT;

-- ----------------------------
-- Records of edu_video
-- ----------------------------
INSERT INTO `edu_video` VALUES ('1314034341526085633', '1314034253835771906', '1314034295841726466', '第一节', 'fc939928b19a4d1aab58327b0fd7a67b', '6 - What If I Want to Move Faster.mp4', 0, 0, 0, 0, 'Empty', 0, 1, '2020-10-08 10:46:15', '2020-10-08 10:46:15');
INSERT INTO `edu_video` VALUES ('1316638967253385218', '1316374156540071937', '1316374191138885633', '1.1 数据收集与整理', '39305a8c217248da8b5cfba1616921b4', '1.1 数据收集与整理.mp4', 1, 0, 1, 0, 'Empty', 0, 1, '2020-10-15 15:16:06', '2020-10-15 15:16:06');
INSERT INTO `edu_video` VALUES ('1316639057527390210', '1316374156540071937', '1316374191138885633', '1.2 数据收集与整理练习', NULL, NULL, 0, 0, 0, 0, 'Empty', 0, 1, '2020-10-15 15:16:28', '2020-10-15 15:16:28');
INSERT INTO `edu_video` VALUES ('1316639353884327937', '1316374156540071937', '1316374223007207426', '2.1 平均分(1)', '012f345d80124830bb62d476e43d424d', '2.1 平均分(1).mp4', 1, 0, 1, 0, 'Empty', 0, 1, '2020-10-15 15:17:39', '2020-10-15 15:17:39');
INSERT INTO `edu_video` VALUES ('1316639493927944193', '1316374156540071937', '1316374223007207426', '2.2 平均分(2)', '5dc18329c710450f8a0755a2723575c0', '2.2 平均分(2).mp4', 0, 0, 0, 0, 'Empty', 0, 1, '2020-10-15 15:18:12', '2020-10-15 15:18:12');
INSERT INTO `edu_video` VALUES ('1316639620965023745', '1316374156540071937', '1316374223007207426', '2.3 除法的初步认识', '87edf5fae26d40aeb166a7ae0be34ac8', '2.3 除法的初步认识.mp4', 1, 0, 1, 0, 'Empty', 0, 1, '2020-10-15 15:18:42', '2020-10-15 15:18:42');
INSERT INTO `edu_video` VALUES ('1316639919259729922', '1316374156540071937', '1316374223007207426', '2.4除法的初步认识练习', '8cb1ba19c05e498f878c950273dfcc68', '6 - What If I Want to Move Faster.mp4', 1, 0, 0, 0, 'Empty', 0, 1, '2020-10-15 15:19:53', '2020-10-15 15:19:53');
INSERT INTO `edu_video` VALUES ('1316639994534903809', '1316374156540071937', '1316374223007207426', '2.5用2—6的口诀求商', 'a22c7b2c0aac42f4a49bba07c4d62f6e', '6 - What If I Want to Move Faster.mp4', 1, 0, 1, 0, 'Empty', 0, 1, '2020-10-15 15:20:11', '2020-10-15 15:20:11');
INSERT INTO `edu_video` VALUES ('1316640069587779585', '1316374156540071937', '1316374252467998721', '3.1轴对称图形的认识', 'b8f255a89b5c4259aacd956ce2067bb1', '6 - What If I Want to Move Faster.mp4', 1, 0, 1, 0, 'Empty', 0, 1, '2020-10-15 15:20:29', '2020-10-15 15:20:29');
INSERT INTO `edu_video` VALUES ('1316640140320522241', '1316374156540071937', '1316374252467998721', '3.2平移与旋转', NULL, NULL, 0, 0, 0, 0, 'Empty', 0, 1, '2020-10-15 15:20:46', '2020-10-15 15:20:46');
INSERT INTO `edu_video` VALUES ('1316642768966336513', '1314033740306161665', '1314033779346743298', '第一节 数据的收集与整理', NULL, NULL, 0, 0, 1, 0, 'Empty', 0, 1, '2020-10-15 15:31:13', '2020-10-15 15:31:13');
INSERT INTO `edu_video` VALUES ('1316642911270682626', '1314033740306161665', '1316642317126549505', '第一节 分数的认识', NULL, NULL, 1, 0, 1, 0, 'Empty', 0, 1, '2020-10-15 15:31:47', '2020-10-15 15:31:47');
INSERT INTO `edu_video` VALUES ('1316642979419734017', '1314033740306161665', '1316642435804381185', '第一节', NULL, NULL, 1, 0, 0, 0, 'Empty', 0, 1, '2020-10-15 15:32:03', '2020-10-15 15:32:03');
INSERT INTO `edu_video` VALUES ('1316643741369581569', '1314032816657506305', '1314032871883907073', '01松果丰收的烦恼', 'ff87fb079c4549d7b29fed4bef09315a', '01松果丰收的烦恼.mp4', 1, 0, 1, 0, 'Empty', 0, 1, '2020-10-15 15:35:05', '2020-10-15 15:35:05');
INSERT INTO `edu_video` VALUES ('1316643843584770050', '1314032816657506305', '1314032871883907073', '02 Terry的小秘密-和差问题三', 'fa22a487c3bc43519ccc10be50e7e8bb', '03 Terry的小秘密-和差问题三.mp4', 1, 0, 0, 0, 'Empty', 0, 1, '2020-10-15 15:35:29', '2020-10-15 15:35:29');
INSERT INTO `edu_video` VALUES ('1316643970093367297', '1314032816657506305', '1314033043196059649', '01 Terry的小秘密', '6e5eb3cc6a664d168f86757f054374ac', '6 - What If I Want to Move Faster.mp4', 1, 0, 1, 0, 'Empty', 0, 1, '2020-10-15 15:35:59', '2020-10-15 15:35:59');
INSERT INTO `edu_video` VALUES ('1316644040196964353', '1314032816657506305', '1314033043196059649', '03 Terry的小秘密2', 'd1999124c7fa45dcb54a5c210563f252', '6 - What If I Want to Move Faster.mp4', 1, 0, 0, 0, 'Empty', 0, 1, '2020-10-15 15:36:16', '2020-10-15 15:36:16');
INSERT INTO `edu_video` VALUES ('1316644893532307457', '1312412095137173505', '1312412112379957249', '第一节 丰收的烦恼', '3d3160d0cede42809dc5ffc54ee594f0', '01松果丰收的烦恼.mp4', 0, 0, 1, 0, 'Empty', 0, 1, '2020-10-15 15:39:39', '2020-10-15 15:39:39');
INSERT INTO `edu_video` VALUES ('1316644983009394689', '1312412095137173505', '1312412112379957249', '第二节 丰收的烦恼二', 'de7ddac7f01249af8d7f2b8f522e1fa4', '03 Terry的小秘密-和差问题三.mp4', 0, 0, 0, 0, 'Empty', 0, 1, '2020-10-15 15:40:01', '2020-10-15 15:40:01');
INSERT INTO `edu_video` VALUES ('1316645382831423489', '1', '1312412021309034498', '第一节 松果丰收的烦恼', '070b4425590b423bbb8dd3382f10f28a', '01松果丰收的烦恼.mp4', 0, 0, 0, 0, 'Empty', 0, 1, '2020-10-15 15:41:36', '2020-10-15 15:41:36');
INSERT INTO `edu_video` VALUES ('1316645557377384450', '1', '1312412021309034498', '第二节  松果丰收的烦恼2', 'd555d4cc91ef4ef4ab8f964fd0ec4911', '03 Terry的小秘密-和差问题三.mp4', 0, 0, 1, 0, 'Empty', 0, 1, '2020-10-15 15:42:18', '2020-10-15 15:42:18');
INSERT INTO `edu_video` VALUES ('1316647151170961410', '1316646928751214594', '1316646964453130241', '第一小节', '077463eb42c0475394b3f0fbecf3932f', '第一讲.mp4', 1, 0, 1, 0, 'Empty', 0, 1, '2020-10-15 15:48:38', '2020-10-15 15:48:38');
INSERT INTO `edu_video` VALUES ('1316647248873078786', '1316646928751214594', '1316646964453130241', '第二小节', 'a6c8d3423b7f49568b9a272035825682', '6 - What If I Want to Move Faster.mp4', 1, 0, 1, 0, 'Empty', 0, 1, '2020-10-15 15:49:01', '2020-10-15 15:49:01');
INSERT INTO `edu_video` VALUES ('1316647306771251201', '1316646928751214594', '1316646991124709377', '第一小节', '801971397e10420499195f0e39afab8d', '6 - What If I Want to Move Faster.mp4', 1, 0, 1, 0, 'Empty', 0, 1, '2020-10-15 15:49:15', '2020-10-15 15:49:15');
INSERT INTO `edu_video` VALUES ('1316647680303382530', '1310063843804942337', '1316647551454363650', '第一节', 'd066b96d3f1e4b97be3bc0659a785cf0', '第一讲.mp4', 1, 0, 1, 0, 'Empty', 0, 1, '2020-10-15 15:50:44', '2020-10-15 15:50:44');
INSERT INTO `edu_video` VALUES ('1316647809198538753', '1310063843804942337', '1316647713400635394', '第一小节', 'db2495592f524dd182f0234b178c6ebf', '6 - What If I Want to Move Faster.mp4', 0, 0, 0, 0, 'Empty', 0, 1, '2020-10-15 15:51:15', '2020-10-15 15:51:15');
INSERT INTO `edu_video` VALUES ('1316648208487890945', '1316648058344390658', '1316648098886533122', '第一小节', '2fc06736a97943f4b68829be78a4298d', '1.1 数据收集与整理.mp4', 1, 0, 1, 0, 'Empty', 0, 1, '2020-10-15 15:52:50', '2020-10-15 15:52:50');
INSERT INTO `edu_video` VALUES ('1316648291711270914', '1316648058344390658', '1316648098886533122', '第二小节', '21666920a9e249a9a50191f63d65d4fa', '1.2 数据收集与整理练习.mp4', 1, 0, 1, 0, 'Empty', 0, 1, '2020-10-15 15:53:10', '2020-10-15 15:53:10');
INSERT INTO `edu_video` VALUES ('1316648386670313473', '1316648058344390658', '1316648323315351554', '第一小节', '71e1dd4b388b436f83b4d40296032db9', '1.1 数据收集与整理.mp4', 0, 0, 1, 0, 'Empty', 0, 1, '2020-10-15 15:53:32', '2020-10-15 15:53:32');
INSERT INTO `edu_video` VALUES ('1316648790271410177', '1316648623640100865', '1316648671941705730', '第一小节 ', '72ab0e09e2f94ff6bf7bfeecbaec6c0c', '1.1 数据收集与整理.mp4', 0, 0, 1, 0, 'Empty', 0, 1, '2020-10-15 15:55:08', '2020-10-15 15:55:08');
INSERT INTO `edu_video` VALUES ('1316648919669882882', '1316648623640100865', '1316648846072430594', '第一小节', '2fb5d2357f264a9f82d015472ca8525f', '1.2 数据收集与整理练习.mp4', 1, 0, 1, 0, 'Empty', 0, 1, '2020-10-15 15:55:39', '2020-10-15 15:55:39');
INSERT INTO `edu_video` VALUES ('1316649340966748161', '1316649158443220994', '1316649189170692097', '第一小节', '78c3fd313e1e47dbb489d3a2e8ceefc7', '1.1 数据收集与整理.mp4', 0, 0, 0, 0, 'Empty', 0, 1, '2020-10-15 15:57:20', '2020-10-15 15:57:20');
INSERT INTO `edu_video` VALUES ('1316649406985093122', '1316649158443220994', '1316649189170692097', '第二小节', '3bbc9d6c75834507b90bee37fa1e6079', '1.1 数据收集与整理.mp4', 1, 0, 1, 0, 'Empty', 0, 1, '2020-10-15 15:57:35', '2020-10-15 15:57:35');
INSERT INTO `edu_video` VALUES ('1316649724498100226', '1316649601718239234', '1316649637399183362', '第一小节', '9868372bd9e749c3a51f54ce10b4be53', '01松果丰收的烦恼.mp4', 0, 0, 1, 0, 'Empty', 0, 1, '2020-10-15 15:58:51', '2020-10-15 15:58:51');
INSERT INTO `edu_video` VALUES ('1316649836116918274', '1316649601718239234', '1316649764037804034', '第一小节', '4f6b6ba5c4f74c3dafe0320419521d8f', '03 Terry的小秘密-和差问题三.mp4', 0, 0, 0, 0, 'Empty', 0, 1, '2020-10-15 15:59:18', '2020-10-15 15:59:18');
INSERT INTO `edu_video` VALUES ('1316650520111431682', '1316650386921308161', '1316650425706037249', '第一小节', 'ab52b3d0168c40da89c668b4659aa368', '1.1 数据收集与整理.mp4', 0, 0, 1, 0, 'Empty', 0, 1, '2020-10-15 16:02:01', '2020-10-15 16:02:01');
INSERT INTO `edu_video` VALUES ('1316650602810523650', '1316650386921308161', '1316650425706037249', '第二小节', '0ebbc0fc28a44745a98144a5678d8dd6', '2.3 除法的初步认识.mp4', 0, 0, 1, 0, 'Empty', 0, 1, '2020-10-15 16:02:21', '2020-10-15 16:02:21');
INSERT INTO `edu_video` VALUES ('1316650990133526530', '1316650830611562498', '1316650860084936705', '第一小节', '5734343c16de490fbe86497a2c5897a2', '第一讲.mp4', 0, 0, 0, 0, 'Empty', 0, 1, '2020-10-15 16:03:53', '2020-10-15 16:03:53');
INSERT INTO `edu_video` VALUES ('1316651069179379713', '1316650830611562498', '1316650860084936705', '第二小节', '94cbf0a71a89419ea2fe488c71c190c5', '1.1 数据收集与整理.mp4', 0, 0, 1, 0, 'Empty', 0, 1, '2020-10-15 16:04:12', '2020-10-15 16:04:12');
INSERT INTO `edu_video` VALUES ('1320748031897985025', '1316650830611562498', '1320747777320509442', '第一小节', NULL, NULL, 1, 0, 0, 0, 'Empty', 0, 1, '2020-10-26 23:24:04', '2020-10-26 23:24:04');
INSERT INTO `edu_video` VALUES ('1320748725006721025', '1320748673114791937', '1320748688444973057', '1', NULL, NULL, 1, 0, 0, 0, 'Empty', 0, 1, '2020-10-26 23:26:49', '2020-10-26 23:26:49');
INSERT INTO `edu_video` VALUES ('1320748960844046337', '1320748673114791937', '1320748688444973057', '22', NULL, NULL, 1, 0, 1, 0, 'Empty', 0, 1, '2020-10-26 23:27:45', '2020-10-26 23:27:45');
INSERT INTO `edu_video` VALUES ('1320749357277077505', '1320748673114791937', '1320748688444973057', '33', NULL, NULL, 1, 0, 1, 0, 'Empty', 0, 1, '2020-10-26 23:29:20', '2020-10-26 23:29:20');
INSERT INTO `edu_video` VALUES ('1320749902872141825', '1320748673114791937', '1320749863206608897', '4', NULL, NULL, 0, 0, 0, 0, 'Empty', 0, 1, '2020-10-26 23:31:30', '2020-10-26 23:31:30');
INSERT INTO `edu_video` VALUES ('1320749923306790914', '1320748673114791937', '1320749878675202049', '2', NULL, NULL, 0, 0, 0, 0, 'Empty', 0, 1, '2020-10-26 23:31:35', '2020-10-26 23:31:35');
INSERT INTO `edu_video` VALUES ('1320750291361161218', '1320748673114791937', '1320748688444973057', '3555', NULL, NULL, 2, 0, 0, 0, 'Empty', 0, 1, '2020-10-26 23:33:02', '2020-10-26 23:33:02');
INSERT INTO `edu_video` VALUES ('1320750311095361537', '1320748673114791937', '1320749863206608897', '2454', NULL, NULL, 0, 0, 0, 0, 'Empty', 0, 1, '2020-10-26 23:33:07', '2020-10-26 23:33:07');
INSERT INTO `edu_video` VALUES ('1320750325284691970', '1320748673114791937', '1320749878675202049', '455', NULL, NULL, 0, 0, 0, 0, 'Empty', 0, 1, '2020-10-26 23:33:11', '2020-10-26 23:33:11');
INSERT INTO `edu_video` VALUES ('1320751461236432897', '1320751392978329601', '1320751425630986242', '55555', NULL, NULL, 2, 0, 1, 0, 'Empty', 0, 1, '2020-10-26 23:37:41', '2020-10-26 23:37:41');
INSERT INTO `edu_video` VALUES ('1320751679474458626', '1320751392978329601', '1320751502843928578', '222', NULL, NULL, 1, 0, 1, 0, 'Empty', 0, 1, '2020-10-26 23:38:33', '2020-10-26 23:38:33');

-- ----------------------------
-- Table structure for exam_manage
-- ----------------------------
DROP TABLE IF EXISTS `exam_manage`;
CREATE TABLE `exam_manage`  (
  `examCode` int(11) NOT NULL AUTO_INCREMENT COMMENT '考试编号',
  `description` varchar(50) CHARACTER SET utf8 COLLATE utf8_bin NULL DEFAULT NULL COMMENT '该次考试介绍',
  `source` varchar(20) CHARACTER SET utf8 COLLATE utf8_bin NULL DEFAULT NULL COMMENT '课程名称',
  `paperId` int(11) NULL DEFAULT NULL COMMENT '试卷编号',
  `examDate` varchar(10) CHARACTER SET utf8 COLLATE utf8_bin NULL DEFAULT NULL COMMENT '考试日期',
  `totalTime` int(11) NULL DEFAULT NULL COMMENT '持续时长',
  `grade` varchar(10) CHARACTER SET utf8 COLLATE utf8_bin NULL DEFAULT NULL COMMENT '年级',
  `term` varchar(10) CHARACTER SET utf8 COLLATE utf8_bin NULL DEFAULT NULL COMMENT '学期',
  `major` varchar(20) CHARACTER SET utf8 COLLATE utf8_bin NULL DEFAULT NULL COMMENT '教授老师',
  `institute` varchar(20) CHARACTER SET utf8 COLLATE utf8_bin NULL DEFAULT NULL COMMENT '班级',
  `totalScore` int(11) NULL DEFAULT NULL COMMENT '总分',
  `type` varchar(255) CHARACTER SET utf8 COLLATE utf8_bin NULL DEFAULT NULL COMMENT '考试类型',
  `tips` varchar(255) CHARACTER SET utf8 COLLATE utf8_bin NULL DEFAULT NULL COMMENT '考生须知',
  PRIMARY KEY (`examCode`) USING BTREE
) ENGINE = InnoDB AUTO_INCREMENT = 20190011 CHARACTER SET = utf8 COLLATE = utf8_bin COMMENT = '考试管理表' ROW_FORMAT = DYNAMIC;

-- ----------------------------
-- Records of exam_manage
-- ----------------------------
INSERT INTO `exam_manage` VALUES (20190001, '2019年上期期末考试', '一年级数学期末测试', 1001, '2019-03-21', 120, '2018', '1', '小学一年级数学', '张爱丽', 100, '期末考试', '快乐千万条，学习第一条，平时不努力，考试两行泪。');
INSERT INTO `exam_manage` VALUES (20190002, '2019年上期期末考试', '趣味数学第一单元考试', 1002, '2019-03-07', 90, '2018', '2', '趣味数学', '芳泽', 100, '期末考试', '快乐千万条，学习第一条，平时不努力，考试两行泪。');
INSERT INTO `exam_manage` VALUES (20190003, '2018年下期期末考试', '五年级奥数期末模拟测试', 1003, '2019-02-27', 90, '2017', '1', '小学五年级数学', '李章', 100, '期末考试', '快乐千万条，学习第一条，平时不努力，考试两行泪。');
INSERT INTO `exam_manage` VALUES (20190005, '2018年上期期末考试', '小学四年级期末测试', 1004, '2019-03-14', 90, '2018', '1', '小学四年级数学', '李四', 100, '期末考试', '快乐千万条，学习第一条，平时不努力，考试两行泪。');
INSERT INTO `exam_manage` VALUES (20190006, '2017年上期期末考试', '小学三年级期末测试', 1005, '2019-03-21', 120, '2018', '1', '小学三年级数学', '李章', 100, '期末考试', '快乐千万条，学习第一条，平时不努力，考试两行泪。');
INSERT INTO `exam_manage` VALUES (20190007, '2018年上期期末考试', '小学六年级奥数模拟测试', 1006, '2019-03-13', 120, '2018', '2', '小学六年级奥数', '李换胡', 100, '期末考试', '快乐千万条，学习第一条，平时不努力，考试两行泪。');
INSERT INTO `exam_manage` VALUES (20190008, '2018年下期期末考试', '小学二年级期末测试', 1007, '2019-03-13', 120, '2018', '1', '小学二年级数学', '罗杰', 100, '期末考试', '快乐千万条，学习第一条，平时不努力，考试两行泪。');
INSERT INTO `exam_manage` VALUES (20190009, '2018年上期期末考试', '三年级趣味数学', 1008, '2019-03-07', 90, '2018', '1', '三年级趣味数学', '李章', 100, '期末考试', '快乐千万条，学习第一条，平时不努力，考试两行泪。');

-- ----------------------------
-- Table structure for fill_question
-- ----------------------------
DROP TABLE IF EXISTS `fill_question`;
CREATE TABLE `fill_question`  (
  `questionId` int(11) NOT NULL AUTO_INCREMENT COMMENT '试题编号',
  `subject` varchar(20) CHARACTER SET utf8 COLLATE utf8_bin NULL DEFAULT NULL COMMENT '考试科目',
  `question` varchar(255) CHARACTER SET utf8 COLLATE utf8_bin NULL DEFAULT NULL COMMENT '试题内容',
  `answer` varchar(255) CHARACTER SET utf8 COLLATE utf8_bin NULL DEFAULT NULL COMMENT '正确答案',
  `analysis` varchar(255) CHARACTER SET utf8 COLLATE utf8_bin NULL DEFAULT NULL COMMENT '题目解析',
  `score` int(11) NULL DEFAULT 2 COMMENT '分数',
  `level` varchar(5) CHARACTER SET utf8 COLLATE utf8_bin NULL DEFAULT NULL COMMENT '难度等级',
  `section` varchar(20) CHARACTER SET utf8 COLLATE utf8_bin NULL DEFAULT NULL COMMENT '所属章节',
  `questionType` varchar(255) CHARACTER SET utf8 COLLATE utf8_bin NULL DEFAULT '填空题' COMMENT '题目类型，3表示填空题',
  PRIMARY KEY (`questionId`) USING BTREE
) ENGINE = InnoDB AUTO_INCREMENT = 10057 CHARACTER SET = utf8 COLLATE = utf8_bin COMMENT = '填空题题库' ROW_FORMAT = DYNAMIC;

-- ----------------------------
-- Records of fill_question
-- ----------------------------
INSERT INTO `fill_question` VALUES (10029, '小学数学一年级测试', '15+19等于()', '34', '15+19=34', 5, '1', '第二章', '填空题');
INSERT INTO `fill_question` VALUES (10031, '小学数学一年级测试', '我家的父母有()几个人。', '2', '2', 5, '1', '第一章', '填空题');
INSERT INTO `fill_question` VALUES (10035, '小学数学一年级测试', '1个十和2个一合起来是()', '12', '1个十和2个一合起来是12，即10+2=12', 4, '2', '第二章', '填空题');
INSERT INTO `fill_question` VALUES (10036, '小学数学一年级测试', '10个一是十，一个十里有()1。', '10', '10个一是十，一个十里有10个1。', 4, '4', '第一章', '填空题');
INSERT INTO `fill_question` VALUES (10037, '小学数学一年级测试', '○○○○○○○○○○　   ○有()个，△有()个。　\n△△△△△△△           ○比△多()个，△比○少()个。', '10  7', '○○○○○○○○○○　   ○有（10）个，△有(7)个。　\n△△△△△△△           ○比△多(3)个，△比○少(3)个。', 5, '5', '第一章', '填空题');
INSERT INTO `fill_question` VALUES (10038, '小学数学一年级测试', '49+21约等于()', '70', '49+21等于70', 4, '4', '第一章', '填空题');
INSERT INTO `fill_question` VALUES (10039, '小学数学一年级测试', '新来的教学楼管理员拿15把不同的钥匙去开15个教室的站，但是不知哪一把钥匙开哪一个门，他最多试开()次，就可将钥匙与教室门锁配对。\n', '105', '试开最多的情况是，除了前面已经确定配对的钥匙，剩下的钥匙在最后一把试开之前都打不开门。\n所以第1把钥匙最多试开14次;第2把最多试开13次;第14把最多试开1次;前14把都配对，第15把不用试肯定配对。所以要将钥匙与教室门锁配对，最多试开14+13+...+1= (14+1)+ (13+2) +(12+3 ) +... (8+7) =157=105次。\n', 5, '5', '第一章', '填空题');
INSERT INTO `fill_question` VALUES (10040, '小学数学一年级测试', '4只小鸟飞入4个不同的笼子里去，每只小鸟都有自己的一个笼子(不同的鸟，笼子也不同)，每个笼子只能飞进一只鸟。若都不飞进自己的笼子里去，有()种不同的飞法。\n', '9', '第1只鸟除了自己的笼子不能进，有3种选择;第1只鸟进了哪只鸟的笼子，这只鸟也有3种选择;剩下2只鸟只有1种选择。不同的飞法共有3×3=9(种)。', 4, '5', '第一章', '填空题');
INSERT INTO `fill_question` VALUES (10041, '小学数学一年级测试', '如果将四面颜色不同的小旗子挂在一根绳子上，组成一个信号，那么这四面小旗子可组成()种不同的信号。', '24', '可以组成4×3×2×1=24种不同的信号。\n', 4, '5', '第一章', '填空题');
INSERT INTO `fill_question` VALUES (10042, '小学数学一年级测试', '小明的两个口袋中各有6张卡片，每张卡片上分别写着1，2，3，.......6。从这两个口袋中各拿出一张卡片来计算上面所写两数的乘积，那么，其中能被6整除的不同乘积有()个。\n', '6', '不同乘积有6个，即6×1，6×2，...6×6。', 5, '5', '第一章', '填空题');
INSERT INTO `fill_question` VALUES (10044, '小学数学一年级测试', '把20个梨和25个苹果平均分给小朋友，分完后梨剩下2个，而苹果还缺2个，一共有()个小朋友。', '9', '若梨减少2个，则有20-2=18(个)﹔若将苹果增加2个，则有25+2=27 (个)，这样都被小朋友刚巧分完。由此可知小朋友人数是18与27的公约数。所以最多有9个小朋友。\n', 5, '5', '第一章', '填空题');
INSERT INTO `fill_question` VALUES (10045, '五年级奥数模拟测试', '幼儿园有糖115颗、饼干148块、桔子74个，平均分给大班小朋友;结果糖多出7颗，饼干多出4块，桔子多出2个。这个大班的小朋友最多有()人。\n', '36', '根据题意不难看出，这个大班小朋友的人数是115-7=108，148-4=144，74-2=72的公约数。所以，这个大班的小朋友最多有36人。\n', 5, '3', '第一章', '填空题');
INSERT INTO `fill_question` VALUES (10046, '五年级奥数模拟测试', '用长16厘米、宽14厘米的长方形木板来拼成一个正方形，最少需要用这样的木板()块。', '56', '所铺成正方形的木板它的边长必定是长方形木板长和宽的倍数，也就是长方形木板的长和宽的公倍数，又要求最少需要多少块，所以正方形木板的边长应是14与16的最小公倍数。\n先求14与16的最小公倍数。\n21614\n87\n故14与16的最小公倍数是287=112。\n因为正方形的边长最小为112厘米，所以最少需要用这样的木板=78=56(块)\n', 5, '3', '第一章', '填空题');
INSERT INTO `fill_question` VALUES (10047, '五年级奥数模拟测试', '一个公共汽车站，发出五路车，这五路车分别为每隔3、5、9、15、10分发一次，第一次同时发车以后，()分又同时发第二次车。\n', '50', '依题意知，从第一次同时发车到第二次同时发车的时间是3，5，9，15和10的最小公倍数。因为3，5，9，15和10的最小公倍数是90，所以从第一次同时发车后90分又同时发第二次车。\n', 5, '3', '第一章', '填空题');
INSERT INTO `fill_question` VALUES (10048, '五年级奥数模拟测试', '某厂有一批煤，原计划每天烧5吨，可以烧45天。实际每天少烧0.5吨，这批煤可以烧()天', '50', '5×45÷ (5 - 0.5) = 50(天)\n', 5, '3', '第一章', '填空题');
INSERT INTO `fill_question` VALUES (10049, '五年级奥数模拟测试', '某列车通过250米长的隧道用25秒，通过210米长的隧道用23秒，若该列车与另一列长150米。时速为72千米的列车相遇，错车而过需要()秒钟?', '10', '答案与解析:\n根据另一个列车每小时走72千米，所以，它的速度为:72000:3600=20(米/秒)某列车的速度为:(250-210)÷ (25-23)=40÷2=20(米/秒)\n某列车的车长为:20×25-250=500-250=250(米)\n两列车的错车时间为:(250+150) ÷ (20+20) =400÷40=10(秒)\n', 5, '3', '第一章', '填空题');
INSERT INTO `fill_question` VALUES (10050, '五年级奥数模拟测试', '—本小人书共100页，排版时一个铅字只能排一位数字，请你算一下，排这本书的页码共用了()个铅字?', '192', '答案与解析:分类计算:\n从第1页到第9页，共9页，每页用1个铅字，共用1×9=9(个)\n从第10页到第99页，共90页，每页用2个铅字，共用2×90=180(个)\n第100页，只1页共用3个铅字，所以排100页书的页码共用铅字的总数是:9+180+3=192(个)\n', 5, '3', '第二章', '填空题');
INSERT INTO `fill_question` VALUES (10051, '五年级奥数模拟测试', 'A、B、C、D四个同学猜测他们之中谁被评为三好学生。A说:“如果我被评上，那么B也被评上。\"B说:“如果我被评上，那么C也被评上。”C说:“如果D没评上，那么我也没评上。”实际上他们之中只有一个没被评上，并且A、B、C说的都是正确的。问:谁没被评上三好学生?()请填写A、B、C、D\n', 'A', '答案与解析:A没有评上三好学生。\n由C说可推出D必被评上，否则如果D没评上，则C也没评上，与“只有一人没有评上”矛盾。再由A、B所说可知:\n假设A被评上，则B被评上，由B被评上，则C被评上。这样四人全被评上，矛盾。因此A没有评上三好学生。\n', 5, '5', '第一章', '填空题');
INSERT INTO `fill_question` VALUES (10052, '五年级奥数模拟测试', '一辆客车和一辆货车分别从甲乙两地同时相向开出。货车的速度是客车的五分之四，货车行了全程的四分之一后，再行28千米与客车相遇。甲乙两地相距()千米?\n', '144', '客车和货车的速度之比为5∶4那么相遇时的路程比=5∶4相遇时货车行全程的4/9此时货车行了全程的1/4距离相遇点还有4/9-1/4=7/36那么全程=28/ (7/36)=144千米\n', 5, '5', '第一章', '填空题');
INSERT INTO `fill_question` VALUES (10053, '五年级奥数模拟测试', '甲乙两人绕城而行，甲每小时行8千米，乙每小时行6千米。现在两人同时从同一地点相背出发，乙遇到甲后，再行4小时回到原出发点。求乙绕城一周所需要的时间()?', '7小时', '解:甲乙速度比=8:6=4:3相遇时乙行了全程的3/7那么4小时就是行全程的4/7,所以乙行一周用的时间=4/ (4/7) =7小时', 5, '3', '第二章', '填空题');
INSERT INTO `fill_question` VALUES (10054, '五年级奥数模拟测试', '1994年妈妈的年龄是姐姐和妹妹年龄和的4倍，2002年妈妈的年龄是姐姐和妹妹年龄和的2倍，问妈妈出生是()年?', '1946年', '解题思路:把1994年姐姐和妹妹的年龄和看作1倍，那么妈妈1994年就是这样的4倍。到2002年过了8年，姐姐妹妹的年龄增加了8×2=16 (岁），要使妈妈年龄仍然是姐姐和妹妹年龄和的4倍，那么妈妈必须增加16×4=64(岁)，而实际只增加8岁。现在少增加64-8=56(岁)，就少了2002年姐姐和妹妹这时的年龄和56÷2=28(岁)，也求出了2002年妈妈的年龄。', 5, '5', '第二章', '填空题');

-- ----------------------------
-- Table structure for judge_question
-- ----------------------------
DROP TABLE IF EXISTS `judge_question`;
CREATE TABLE `judge_question`  (
  `questionId` int(11) NOT NULL AUTO_INCREMENT COMMENT '试题编号',
  `subject` varchar(20) CHARACTER SET utf8 COLLATE utf8_bin NULL DEFAULT NULL COMMENT '考试科目',
  `question` varchar(255) CHARACTER SET utf8 COLLATE utf8_bin NULL DEFAULT NULL COMMENT '试题内容',
  `answer` varchar(255) CHARACTER SET utf8 COLLATE utf8_bin NULL DEFAULT NULL COMMENT '正确答案',
  `analysis` varchar(255) CHARACTER SET utf8 COLLATE utf8_bin NULL DEFAULT NULL COMMENT '题目解析',
  `score` int(11) NULL DEFAULT 2 COMMENT '分数',
  `level` varchar(1) CHARACTER SET utf8 COLLATE utf8_bin NULL DEFAULT NULL COMMENT '难度等级',
  `section` varchar(20) CHARACTER SET utf8 COLLATE utf8_bin NULL DEFAULT NULL COMMENT '所属章节',
  `questionType` char(255) CHARACTER SET utf8 COLLATE utf8_bin NULL DEFAULT '判断题' COMMENT '题目类型，2表示判断题',
  PRIMARY KEY (`questionId`) USING BTREE
) ENGINE = InnoDB AUTO_INCREMENT = 10036 CHARACTER SET = utf8 COLLATE = utf8_bin COMMENT = '判断题题库表' ROW_FORMAT = DYNAMIC;

-- ----------------------------
-- Records of judge_question
-- ----------------------------
INSERT INTO `judge_question` VALUES (10014, '小学数学一年级', '2+3=4', 'F', '2+3=5', 5, '4', '第四章', '判断题');
INSERT INTO `judge_question` VALUES (10015, '小学数学一年级', '人有两只手吗？', 'T', '人是有两只手的。', 5, '5', '第三章', '判断题');
INSERT INTO `judge_question` VALUES (10016, '小学数学一年级', '小红昨天买了5个苹果，吃了三个苹果，现在还剩3个苹果。', 'F', '小红昨天买了5个苹果，吃了三个苹果，现在还剩2个苹果。', 5, '5', '第二章', '判断题');
INSERT INTO `judge_question` VALUES (10018, '小学数学一年级测试', '我买了三个梨子，吃了三个，还剩0个。', 'T', '3-3=0', 5, '4', '第一章', '判断题');
INSERT INTO `judge_question` VALUES (10026, '小学数学一年级测试', '比22大一的数是23', 'F', '22+1=23', 5, '4', '第二章', '判断题');
INSERT INTO `judge_question` VALUES (10027, '小学数学一年级测试', '因为射线只能向一端无限延长，所以射线比直线短.\n', 'F', '射线和直线都是无限延长的。', 2, '4', '第二章', '判断题');
INSERT INTO `judge_question` VALUES (10028, '小学数学一年级测试', '被减数是17，减数是8，差是7。\n', 'F', '被减数是17，减数是8，差是9。\n即17-8=9。', 5, '4', '第二章', '判断题');
INSERT INTO `judge_question` VALUES (10029, '小学数学一年级测试', '分针从一个数字走到下个数字，经过的时间是1分。（）', 'T', '分针从一个数字走到下个数字，经过的时间是1分。', 5, '5', '第二章', '判断题');
INSERT INTO `judge_question` VALUES (10030, '五年级奥数模拟测试', '99读作九九。（）', 'F', '99读作九十九。', 5, '4', '第二章', '判断题');
INSERT INTO `judge_question` VALUES (10031, '五年级奥数模拟测试', '两个加数都是30，和是60。（）', 'T', '两个加数都是30，和是60。即30+30=60。', 5, '4', '第二章', '判断题');
INSERT INTO `judge_question` VALUES (10032, '五年级奥数模拟测试', '某列车通过250米长的隧道用25秒，通过210米长的隧道用23秒，若该列车与另一列长150米。时速为72千米的列车相遇，错车而过需要10秒钟?', 'T', '某列车通过250米长的隧道用25秒，通过210米长的隧道用23秒，若该列车与另一列长150米。时速为72千米的列车相遇，错车而过需要10秒钟', 4, '4', '第二章', '判断题');
INSERT INTO `judge_question` VALUES (10033, '五年级奥数模拟测试', '甲、乙二人加工一批帽子，甲每天比乙多加工10个。途中乙因事休息了5天，20天后，甲加工的帽子正好是乙的2倍，这是两人各加工21个', 'F', '甲、乙二人加工一批帽子，甲每天比乙多加工10个。途中乙因事休息了5天，20天后，甲加工的帽子正好是乙的2倍，这是两人各加工20个', 5, '3', '第二章', '判断题');

-- ----------------------------
-- Table structure for multi_question
-- ----------------------------
DROP TABLE IF EXISTS `multi_question`;
CREATE TABLE `multi_question`  (
  `questionId` int(11) NOT NULL AUTO_INCREMENT COMMENT '试题编号',
  `subject` varchar(20) CHARACTER SET utf8 COLLATE utf8_bin NULL DEFAULT NULL COMMENT '考试科目',
  `question` varchar(255) CHARACTER SET utf8 COLLATE utf8_bin NULL DEFAULT NULL COMMENT '问题题目',
  `answerA` varchar(255) CHARACTER SET utf8 COLLATE utf8_bin NULL DEFAULT NULL COMMENT '选项A',
  `answerB` varchar(255) CHARACTER SET utf8 COLLATE utf8_bin NULL DEFAULT NULL COMMENT '选项B',
  `answerC` varchar(255) CHARACTER SET utf8 COLLATE utf8_bin NULL DEFAULT NULL COMMENT '选项C',
  `answerD` varchar(255) CHARACTER SET utf8 COLLATE utf8_bin NULL DEFAULT NULL COMMENT '选项D',
  `rightAnswer` varchar(10) CHARACTER SET utf8 COLLATE utf8_bin NULL DEFAULT NULL COMMENT '正确答案',
  `analysis` varchar(255) CHARACTER SET utf8 COLLATE utf8_bin NULL DEFAULT NULL COMMENT '题目解析',
  `score` int(11) NULL DEFAULT 2 COMMENT '分数',
  `section` varchar(20) CHARACTER SET utf8 COLLATE utf8_bin NULL DEFAULT NULL COMMENT '所属章节',
  `level` varchar(1) CHARACTER SET utf8 COLLATE utf8_bin NULL DEFAULT NULL COMMENT '难度等级',
  `questionType` char(255) CHARACTER SET utf8 COLLATE utf8_bin NULL DEFAULT '选择题' COMMENT '题目类型，1表示选择题',
  PRIMARY KEY (`questionId`) USING BTREE
) ENGINE = InnoDB AUTO_INCREMENT = 10074 CHARACTER SET = utf8 COLLATE = utf8_bin COMMENT = '选择题题库表' ROW_FORMAT = DYNAMIC;

-- ----------------------------
-- Records of multi_question
-- ----------------------------
INSERT INTO `multi_question` VALUES (10036, '小学数学二年级', '5+8=(  )', '11', '12', '13', '14', 'C', '5+8=14', 2, '第一章', '1', '选择题');
INSERT INTO `multi_question` VALUES (10037, '小学数学二年级', '15里面有（ ）个十。', '1', '2', '3', '4', 'A', '15里面有（1）个十。', 2, '第一章', '2', '选择题');
INSERT INTO `multi_question` VALUES (10052, '小学数学一年级测试', '请你估计一下，（）那个最接近你的年龄。', '10', '20', '30', '200', 'A', '请你估计一下，10那个最接近你的年龄。', 10, '第一章', '3', '选择题');
INSERT INTO `multi_question` VALUES (10053, '小学数学一年级测试', '验算473 - 319= 154，下列验算方法错误的是()。\n', '473-154', '319+154', '473-319', '319-154', 'D', '319-154的答案是错误的，473-319的答案应该是154', 5, '第一章', '4', '选择题');
INSERT INTO `multi_question` VALUES (10054, '小学数学一年级测试', '妈妈买来35颗糖，分给小明9颗，还剩几颗?\n', '35+9', '35-9', '35-6', '35+6', 'B', '妈妈买来35颗糖，分给小明9颗，还剩35-9颗。', 5, '第三章', '5', '选择题');
INSERT INTO `multi_question` VALUES (10055, '小学数学一年级测试', '将一个长方形拉成一个平行四边形，它的周长()\n', '变大', '变小', '不变', '以上都不对', 'C', '将一个长方形拉成一个平行四边形，它的周长不变。', 2, '第一章', '5', '选择题');
INSERT INTO `multi_question` VALUES (10056, '五年级奥数模拟测试', '哥哥和弟弟两人3年后年龄和是27岁，弟弟今年的年龄正好是哥哥和弟弟两人年龄的差。哥哥和弟弟今年各多少岁?', '7', '10', '6', '5', 'A', '解题思路:从题中“哥哥和弟弟两人3年后年龄和是27岁”这句话，可以求出哥哥和弟弟今年的年龄和是27-3×2=21(岁），从“弟弟今年的年龄正好是哥哥和弟弟两人的年龄差”，即哥哥年龄-弟弟年龄=弟弟年龄。可以知道哥哥今年的年龄是弟弟年龄的2倍，弟弟年龄是哥哥年龄的1/2。', 2, '第三章', '3', '选择题');
INSERT INTO `multi_question` VALUES (10057, '五年级奥数模拟测试', '-条路长100米，从头到尾每隔10米栽1棵梧桐树，共栽多少棵树?', '11', '12', '13', '14', 'A', '路分成100÷10=10段，共栽树10+1 =11棵。', 2, '第三章', '4', '选择题');
INSERT INTO `multi_question` VALUES (10058, '五年级奥数模拟测试', '棵柳树排成—排，在每两棵柳树中间种3棵桃树，共种多少棵桃树?', '31', '32', '33', '24', 'C', '3×(12-1) =33棵。', 2, '第三章', '4', '选择题');
INSERT INTO `multi_question` VALUES (10059, '五年级奥数模拟测试', '—根200厘米长的木条，要锯成10厘米长的小段，需要锯几次?', '18', '17', '19', '20', 'C', '200÷10=20段，20-1 =19次。', 2, '第三章', '3', '选择题');
INSERT INTO `multi_question` VALUES (10060, '五年级奥数模拟测试', '蚂蚁爬树枝，每上一节需要10秒钟，从第一节爬到第13节需要多少分钟?', '2', '3', '4', '5', 'A', '从第一节到第13节需10×(13-1) =120秒，120÷60=2分。', 2, '第三章', '3', '选择题');
INSERT INTO `multi_question` VALUES (10061, '五年级奥数模拟测试', '在花圃的周围方式菊花，每隔1米放1盆花。花圃周围共20米长。需放多少盆菊花?', '18', '17', '16', '20', 'D', '20÷1×1 =20盆', 2, '第一章', '3', '选择题');
INSERT INTO `multi_question` VALUES (10062, '五年级奥数模拟测试', '一列火车从甲地开往乙地，开出2。5小时，行了150千米。照这样的速度，再行驶3小时到达乙地。甲、乙两地相距多少千米?', '330', '331', '332', '333', 'A', '先求火车每小时行多少千米，再求共行了几小时，最后求出共行了多少千米(即甲、乙两地距离)。火车每小时行多少千米:150÷2.5=60 (千米)\n火车共行了多少小时:2.5+3=5.5 (小时)甲乙两地相距多少千米:60×5.5=330(千米)\n综合算式:150÷2.5×(2.5+3) =150÷2.5×5.5=60×5.5=330(千米)', 2, '第一章', '5', '选择题');
INSERT INTO `multi_question` VALUES (10063, '五年级奥数模拟测试', '甲、乙两车同时从A、B两地相对开出，甲车每小时比乙车多行20千米。途中乙因修车用了2小时，6小时后甲车到达两地中点，而乙车才行了甲车所行路程的一半。问：A、B两地相距多少米？', '959', '960', '961', '962', 'B', '设乙每小时走X千米 则甲每小时走(X+20)千米 则有 \n6X+120=2*4X  X=60 \n所以甲每小时走80千米  两地相距80*6*2=960千米 ', 2, '第一章', '4', '选择题');
INSERT INTO `multi_question` VALUES (10064, '五年级奥数模拟测试', '花园小区有一块三角形的花圃，底是25米，面积是275平方米，求花圃的高。\n', '23', '22', '26', '24', 'B', '25x除以2=275\n，求出x', 2, '第一章', '4', '选择题');

-- ----------------------------
-- Table structure for paper_manage
-- ----------------------------
DROP TABLE IF EXISTS `paper_manage`;
CREATE TABLE `paper_manage`  (
  `paperId` int(11) NULL DEFAULT NULL COMMENT '试卷编号',
  `questionType` int(11) NULL DEFAULT NULL COMMENT '题目类型',
  `questionId` int(11) NULL DEFAULT NULL COMMENT '题目编号'
) ENGINE = InnoDB CHARACTER SET = utf8 COLLATE = utf8_bin COMMENT = '试卷管理表' ROW_FORMAT = DYNAMIC;

-- ----------------------------
-- Records of paper_manage
-- ----------------------------
INSERT INTO `paper_manage` VALUES (1001, 1, 10013);
INSERT INTO `paper_manage` VALUES (1001, 1, 10005);
INSERT INTO `paper_manage` VALUES (1001, 1, 10001);
INSERT INTO `paper_manage` VALUES (1001, 1, 10004);
INSERT INTO `paper_manage` VALUES (1001, 1, 10000);
INSERT INTO `paper_manage` VALUES (1001, 1, 10016);
INSERT INTO `paper_manage` VALUES (1001, 1, 10032);
INSERT INTO `paper_manage` VALUES (1001, 1, 10025);
INSERT INTO `paper_manage` VALUES (1001, 1, 10030);
INSERT INTO `paper_manage` VALUES (1001, 1, 10017);
INSERT INTO `paper_manage` VALUES (1001, 1, 10027);
INSERT INTO `paper_manage` VALUES (1001, 1, 10023);
INSERT INTO `paper_manage` VALUES (1001, 1, 10014);
INSERT INTO `paper_manage` VALUES (1001, 1, 10009);
INSERT INTO `paper_manage` VALUES (1001, 1, 10008);
INSERT INTO `paper_manage` VALUES (1001, 1, 10011);
INSERT INTO `paper_manage` VALUES (1001, 1, 10010);
INSERT INTO `paper_manage` VALUES (1001, 1, 10021);
INSERT INTO `paper_manage` VALUES (1001, 1, 10022);
INSERT INTO `paper_manage` VALUES (1001, 1, 10026);
INSERT INTO `paper_manage` VALUES (1001, 2, 10017);
INSERT INTO `paper_manage` VALUES (1001, 2, 10012);
INSERT INTO `paper_manage` VALUES (1001, 2, 10004);
INSERT INTO `paper_manage` VALUES (1001, 2, 10005);
INSERT INTO `paper_manage` VALUES (1001, 2, 10003);
INSERT INTO `paper_manage` VALUES (1001, 2, 10008);
INSERT INTO `paper_manage` VALUES (1001, 2, 10020);
INSERT INTO `paper_manage` VALUES (1001, 2, 10013);
INSERT INTO `paper_manage` VALUES (1001, 2, 10006);
INSERT INTO `paper_manage` VALUES (1001, 2, 10015);
INSERT INTO `paper_manage` VALUES (1001, 3, 10002);
INSERT INTO `paper_manage` VALUES (1001, 3, 10009);
INSERT INTO `paper_manage` VALUES (1001, 3, 10003);
INSERT INTO `paper_manage` VALUES (1001, 3, 10005);
INSERT INTO `paper_manage` VALUES (1001, 3, 10004);
INSERT INTO `paper_manage` VALUES (1001, 3, 10012);
INSERT INTO `paper_manage` VALUES (1001, 3, 10011);
INSERT INTO `paper_manage` VALUES (1001, 3, 10006);
INSERT INTO `paper_manage` VALUES (1001, 3, 10008);
INSERT INTO `paper_manage` VALUES (1001, 3, 10001);
INSERT INTO `paper_manage` VALUES (1001, 1, 10033);
INSERT INTO `paper_manage` VALUES (1001, 1, 10034);
INSERT INTO `paper_manage` VALUES (1001, 1, 10035);
INSERT INTO `paper_manage` VALUES (1001, 3, 10013);
INSERT INTO `paper_manage` VALUES (1001, 3, 10014);
INSERT INTO `paper_manage` VALUES (1001, 1, 10036);
INSERT INTO `paper_manage` VALUES (1001, 3, 10015);
INSERT INTO `paper_manage` VALUES (1001, 1, 10037);
INSERT INTO `paper_manage` VALUES (1001, 3, 10016);
INSERT INTO `paper_manage` VALUES (NULL, 1, 10038);
INSERT INTO `paper_manage` VALUES (1001, 1, 10039);
INSERT INTO `paper_manage` VALUES (1001, 1, 10040);
INSERT INTO `paper_manage` VALUES (1002, 1, 10043);
INSERT INTO `paper_manage` VALUES (1001, 1, 10044);
INSERT INTO `paper_manage` VALUES (1001, 1, 10045);
INSERT INTO `paper_manage` VALUES (1001, 3, 10017);
INSERT INTO `paper_manage` VALUES (1001, 2, 10029);
INSERT INTO `paper_manage` VALUES (1001, 1, 10046);
INSERT INTO `paper_manage` VALUES (1001, 1, 10047);
INSERT INTO `paper_manage` VALUES (1001, 2, 10030);
INSERT INTO `paper_manage` VALUES (1001, 2, 10031);
INSERT INTO `paper_manage` VALUES (1001, 2, 10032);
INSERT INTO `paper_manage` VALUES (1001, 2, 10033);
INSERT INTO `paper_manage` VALUES (1001, 1, 10051);
INSERT INTO `paper_manage` VALUES (1001, 2, 10034);
INSERT INTO `paper_manage` VALUES (1001, 3, 10018);
INSERT INTO `paper_manage` VALUES (1001, 3, 10019);
INSERT INTO `paper_manage` VALUES (1001, 3, 10020);
INSERT INTO `paper_manage` VALUES (1001, 3, 10021);
INSERT INTO `paper_manage` VALUES (1001, 3, 10022);
INSERT INTO `paper_manage` VALUES (1001, 3, 10023);
INSERT INTO `paper_manage` VALUES (1001, 3, 10024);
INSERT INTO `paper_manage` VALUES (1001, 3, 10025);
INSERT INTO `paper_manage` VALUES (1001, 3, 10026);
INSERT INTO `paper_manage` VALUES (1001, 2, 10035);
INSERT INTO `paper_manage` VALUES (1001, 2, 10036);
INSERT INTO `paper_manage` VALUES (1001, 2, 10037);
INSERT INTO `paper_manage` VALUES (1001, 1, 10052);
INSERT INTO `paper_manage` VALUES (1001, 1, 10053);
INSERT INTO `paper_manage` VALUES (1003, 1, 10054);
INSERT INTO `paper_manage` VALUES (1001, 1, 10055);
INSERT INTO `paper_manage` VALUES (1001, 3, 10027);
INSERT INTO `paper_manage` VALUES (1003, 3, 10028);
INSERT INTO `paper_manage` VALUES (1003, 3, 10029);
INSERT INTO `paper_manage` VALUES (1003, 3, 10030);
INSERT INTO `paper_manage` VALUES (1003, 3, 10031);
INSERT INTO `paper_manage` VALUES (1001, 2, 10038);
INSERT INTO `paper_manage` VALUES (1001, 2, 10039);
INSERT INTO `paper_manage` VALUES (1001, 2, 10040);
INSERT INTO `paper_manage` VALUES (1001, 2, 10041);
INSERT INTO `paper_manage` VALUES (1001, 2, 10042);
INSERT INTO `paper_manage` VALUES (1001, 2, 10043);
INSERT INTO `paper_manage` VALUES (1003, 2, 10044);
INSERT INTO `paper_manage` VALUES (1003, 2, 10045);
INSERT INTO `paper_manage` VALUES (1003, 2, 10046);
INSERT INTO `paper_manage` VALUES (1003, 2, 10047);
INSERT INTO `paper_manage` VALUES (1003, 2, 10048);
INSERT INTO `paper_manage` VALUES (1003, 2, 10049);
INSERT INTO `paper_manage` VALUES (1003, 2, 10050);
INSERT INTO `paper_manage` VALUES (1003, 2, 10051);
INSERT INTO `paper_manage` VALUES (1003, 2, 10052);
INSERT INTO `paper_manage` VALUES (1003, 2, 10053);
INSERT INTO `paper_manage` VALUES (1001, 2, 10054);
INSERT INTO `paper_manage` VALUES (1003, 1, 10056);
INSERT INTO `paper_manage` VALUES (1003, 1, 10057);
INSERT INTO `paper_manage` VALUES (1001, 1, 10058);
INSERT INTO `paper_manage` VALUES (1003, 1, 10059);
INSERT INTO `paper_manage` VALUES (1003, 1, 10060);
INSERT INTO `paper_manage` VALUES (1003, 1, 10061);
INSERT INTO `paper_manage` VALUES (1003, 1, 10062);
INSERT INTO `paper_manage` VALUES (1003, 3, 10032);
INSERT INTO `paper_manage` VALUES (1003, 3, 10033);
INSERT INTO `paper_manage` VALUES (1003, 1, 10063);
INSERT INTO `paper_manage` VALUES (1003, 1, 10064);
INSERT INTO `paper_manage` VALUES (1004, 1, 10065);
INSERT INTO `paper_manage` VALUES (1004, 1, 10066);
INSERT INTO `paper_manage` VALUES (1004, 1, 10067);
INSERT INTO `paper_manage` VALUES (1004, 1, 10070);
INSERT INTO `paper_manage` VALUES (1003, 1, 10071);
INSERT INTO `paper_manage` VALUES (1008, 2, 10055);
INSERT INTO `paper_manage` VALUES (1008, 3, 10034);
INSERT INTO `paper_manage` VALUES (1008, 1, 10072);
INSERT INTO `paper_manage` VALUES (1008, 1, 10073);
INSERT INTO `paper_manage` VALUES (1008, 3, 10035);
INSERT INTO `paper_manage` VALUES (1008, 2, 10056);

-- ----------------------------
-- Table structure for score
-- ----------------------------
DROP TABLE IF EXISTS `score`;
CREATE TABLE `score`  (
  `scoreId` int(11) NOT NULL AUTO_INCREMENT COMMENT '分数编号',
  `examCode` int(11) NULL DEFAULT NULL COMMENT '考试编号',
  `studentId` varchar(255) CHARACTER SET utf8 COLLATE utf8_bin NULL DEFAULT NULL COMMENT '学号',
  `subject` varchar(20) CHARACTER SET utf8 COLLATE utf8_bin NOT NULL COMMENT '课程名称',
  `ptScore` int(11) NULL DEFAULT NULL COMMENT '平时成绩',
  `etScore` int(11) NULL DEFAULT NULL COMMENT '期末成绩',
  `score` int(11) NULL DEFAULT NULL COMMENT '总成绩',
  `answerDate` varchar(10) CHARACTER SET utf8 COLLATE utf8_bin NULL DEFAULT NULL COMMENT '答题日期',
  PRIMARY KEY (`scoreId`) USING BTREE
) ENGINE = InnoDB AUTO_INCREMENT = 95 CHARACTER SET = utf8 COLLATE = utf8_bin COMMENT = '成绩管理表' ROW_FORMAT = DYNAMIC;

-- ----------------------------
-- Records of score
-- ----------------------------
INSERT INTO `score` VALUES (4, 20190001, '20154084', '计算机网络', NULL, 70, NULL, '2019-04-03');
INSERT INTO `score` VALUES (14, 20190002, '20154084', '数据库理论', NULL, 78, NULL, '2019-04-20');
INSERT INTO `score` VALUES (15, 20190002, '20154084', '数据库理论', NULL, 80, NULL, '2019-04-20');
INSERT INTO `score` VALUES (16, 20190002, '20154084', '数据库理论', NULL, 83, NULL, '2019-04-20');
INSERT INTO `score` VALUES (17, 20190001, '20154001', '计算机网络', NULL, 74, NULL, '2019-04-13');
INSERT INTO `score` VALUES (18, 20190001, '20154001', '计算机网络', NULL, 70, NULL, '2019-04-10');
INSERT INTO `score` VALUES (19, 20190001, '20155003', '计算机网络', NULL, 86, NULL, '2019-04-14');
INSERT INTO `score` VALUES (20, 20190001, '20155007', '计算机网络', NULL, 90, NULL, '2019-04-11');
INSERT INTO `score` VALUES (21, 20190001, '20155007', '计算机网络', NULL, 92, NULL, '2019-04-12');
INSERT INTO `score` VALUES (22, 20190001, '20155008', '计算机网络', NULL, 80, NULL, '2019-04-12');
INSERT INTO `score` VALUES (23, 20190001, '20155003', '计算机网络', NULL, 90, NULL, '2019-04-13');
INSERT INTO `score` VALUES (24, 20190001, '20155008', '计算机网络', NULL, 88, NULL, '2019-04-14');
INSERT INTO `score` VALUES (27, 20190001, '20154084', '计算机网络', NULL, 80, NULL, '2019-04-25');
INSERT INTO `score` VALUES (30, 20190001, '20154084', '计算机网络', NULL, 0, NULL, '2019-04-29');
INSERT INTO `score` VALUES (31, 20190001, '20154084', '计算机网络', NULL, 0, NULL, '2019-09-06');
INSERT INTO `score` VALUES (32, 20190001, NULL, '计算机网络', NULL, 0, NULL, '2020-12-28');
INSERT INTO `score` VALUES (33, 20190001, NULL, '计算机网络', NULL, 2, NULL, '2020-12-28');
INSERT INTO `score` VALUES (34, 20190001, NULL, '小学数学一年级测试', NULL, 20, NULL, '2020-12-28');
INSERT INTO `score` VALUES (35, 20190001, NULL, '小学数学一年级测试', NULL, 0, NULL, '2020-12-28');
INSERT INTO `score` VALUES (36, 20190001, NULL, '小学数学一年级测试', NULL, 80, NULL, '2020-12-28');
INSERT INTO `score` VALUES (37, 20190001, NULL, '小学数学一年级测试', NULL, 0, NULL, '2020-12-28');
INSERT INTO `score` VALUES (38, 20190001, NULL, '小学数学一年级测试', NULL, 80, NULL, '2020-12-28');
INSERT INTO `score` VALUES (39, 20190001, NULL, '小学数学一年级测试', NULL, 60, NULL, '2020-12-28');
INSERT INTO `score` VALUES (40, 20190001, NULL, '小学数学一年级测试', NULL, 80, NULL, '2020-12-28');
INSERT INTO `score` VALUES (41, 20190001, NULL, '小学数学一年级测试', NULL, 10, NULL, '2020-12-28');
INSERT INTO `score` VALUES (42, 20190001, NULL, '小学数学一年级测试', NULL, 20, NULL, '2020-12-29');
INSERT INTO `score` VALUES (43, 20190001, NULL, '小学数学一年级测试', NULL, 4, NULL, '2020-12-29');
INSERT INTO `score` VALUES (44, 20190001, NULL, '小学数学一年级测试', NULL, 4, NULL, '2020-12-29');
INSERT INTO `score` VALUES (45, 20190001, NULL, '小学数学一年级测试', NULL, 80, NULL, '2020-12-29');
INSERT INTO `score` VALUES (46, 20190001, NULL, '小学数学一年级测试', NULL, 80, NULL, '2021-01-01');
INSERT INTO `score` VALUES (47, 20190001, NULL, '小学数学一年级测试', NULL, 80, NULL, '2021-01-01');
INSERT INTO `score` VALUES (48, 20190001, NULL, '小学数学一年级测试', NULL, 80, NULL, '2021-01-01');
INSERT INTO `score` VALUES (49, 20190001, NULL, '小学数学一年级测试', NULL, 80, NULL, '2021-01-02');
INSERT INTO `score` VALUES (79, 20190001, NULL, '小学数学一年级测试123456', NULL, 80, NULL, '2021-01-04');
INSERT INTO `score` VALUES (80, 20190001, '1314231375449284610', '小学数学一年级测试123456', NULL, 80, NULL, '2021-01-04');
INSERT INTO `score` VALUES (81, 20190001, '1314231375449284610', '小学数学一年级测试123456', NULL, 80, NULL, '2021-01-05');
INSERT INTO `score` VALUES (82, 20190001, '1314231375449284610', '小学数学一年级测试123456', NULL, 80, NULL, '2021-01-05');
INSERT INTO `score` VALUES (83, 20190001, '1314231375449284610', '小学数学一年级测试123456', NULL, 0, NULL, '2021-01-05');
INSERT INTO `score` VALUES (84, 20190001, '1314231375449284610', '小学数学一年级测试123456', NULL, 4, NULL, '2021-01-05');
INSERT INTO `score` VALUES (85, 20190001, '1314231375449284610', '小学数学一年级测试123456', NULL, 6, NULL, '2021-01-05');
INSERT INTO `score` VALUES (86, 20190001, '1195187659054329857', '小学数学一年级测试', NULL, 60, NULL, '2021-01-07');
INSERT INTO `score` VALUES (87, 20190001, '1314231375449284610', '一年级数学测试', NULL, 2, NULL, '2021-01-08');
INSERT INTO `score` VALUES (88, 20190001, '1347422603288080386', '一年级数学测试', NULL, 14, NULL, '2021-01-08');
INSERT INTO `score` VALUES (89, 20190001, '1195187659054329857', '一年级数学测试', NULL, 17, NULL, '2021-01-10');
INSERT INTO `score` VALUES (90, 20190001, '1195187659054329857', '一年级数学测试', NULL, 7, NULL, '2021-01-10');
INSERT INTO `score` VALUES (91, 20190001, '1195187659054329857', '一年级数学测试', NULL, 7, NULL, '2021-01-10');
INSERT INTO `score` VALUES (92, 20190001, '1195187659054329857', '一年级数学测试', NULL, 12, NULL, '2021-01-10');
INSERT INTO `score` VALUES (93, 20190001, '1347422603288080386', '一年级数学期末测试', NULL, 29, NULL, '2021-01-10');
INSERT INTO `score` VALUES (94, 20190001, '1347422603288080386', '一年级数学期末测试', NULL, 4, NULL, '2021-01-10');

-- ----------------------------
-- Table structure for statistics_daily
-- ----------------------------
DROP TABLE IF EXISTS `statistics_daily`;
CREATE TABLE `statistics_daily`  (
  `id` char(19) CHARACTER SET utf8 COLLATE utf8_general_ci NOT NULL COMMENT '主键',
  `date_calculated` varchar(20) CHARACTER SET utf8 COLLATE utf8_general_ci NOT NULL COMMENT '统计日期',
  `register_num` int(11) NOT NULL DEFAULT 0 COMMENT '注册人数',
  `login_num` int(11) NOT NULL DEFAULT 0 COMMENT '登录人数',
  `video_view_num` int(11) NOT NULL DEFAULT 0 COMMENT '每日播放视频数',
  `course_num` int(11) NOT NULL DEFAULT 0 COMMENT '每日新增课程数',
  `gmt_create` datetime(0) NOT NULL COMMENT '创建时间',
  `gmt_modified` datetime(0) NOT NULL COMMENT '更新时间',
  PRIMARY KEY (`id`) USING BTREE,
  INDEX `statistics_day`(`date_calculated`) USING BTREE
) ENGINE = InnoDB CHARACTER SET = utf8 COLLATE = utf8_general_ci COMMENT = '网站统计日数据' ROW_FORMAT = DYNAMIC;

-- ----------------------------
-- Records of statistics_daily
-- ----------------------------
INSERT INTO `statistics_daily` VALUES ('1078490017163833345', '2018-12-28', 0, 0, 154, 170, '2018-12-28 11:17:12', '2019-09-09 12:12:12');
INSERT INTO `statistics_daily` VALUES ('1087142127818768386', '2019-01-02', 2, 0, 167, 177, '2019-01-21 08:17:36', '2019-09-09 12:12:12');
INSERT INTO `statistics_daily` VALUES ('1087198321809457153', '2019-01-01', 1, 0, 130, 189, '2019-01-21 12:00:54', '2019-09-09 12:12:12');
INSERT INTO `statistics_daily` VALUES ('1087198383973236738', '2019-01-03', 0, 0, 114, 130, '2019-01-21 12:01:09', '2019-09-09 12:12:12');
INSERT INTO `statistics_daily` VALUES ('1087451681764982785', '2019-01-04', 0, 0, 118, 155, '2019-01-22 04:47:39', '2019-09-09 12:12:12');
INSERT INTO `statistics_daily` VALUES ('1087455336471785473', '2019-01-05', 0, 0, 184, 186, '2019-01-22 05:02:11', '2019-09-09 12:12:12');
INSERT INTO `statistics_daily` VALUES ('1105339962460491777', '2019-03-01', 0, 143, 168, 136, '2019-03-12 13:29:18', '2019-03-12 13:29:18');
INSERT INTO `statistics_daily` VALUES ('1105339977027309569', '2019-03-02', 0, 165, 171, 158, '2019-03-12 13:29:21', '2019-03-12 13:29:21');
INSERT INTO `statistics_daily` VALUES ('1105339990738489346', '2019-03-03', 0, 143, 147, 194, '2019-03-12 13:29:25', '2019-03-12 13:29:25');
INSERT INTO `statistics_daily` VALUES ('1105340000544772098', '2019-03-04', 0, 155, 106, 153, '2019-03-12 13:29:27', '2019-03-12 13:29:27');
INSERT INTO `statistics_daily` VALUES ('1105340011244441602', '2019-03-05', 0, 186, 102, 155, '2019-03-12 13:29:30', '2019-03-12 13:29:30');
INSERT INTO `statistics_daily` VALUES ('1105340020929089538', '2019-03-06', 0, 140, 192, 129, '2019-03-12 13:29:32', '2019-03-12 13:29:32');
INSERT INTO `statistics_daily` VALUES ('1105340029800042497', '2019-03-07', 0, 186, 139, 116, '2019-03-12 13:29:34', '2019-03-12 13:29:34');
INSERT INTO `statistics_daily` VALUES ('1105340038696161282', '2019-03-08', 0, 120, 166, 112, '2019-03-12 13:29:36', '2019-03-12 13:29:36');
INSERT INTO `statistics_daily` VALUES ('1105340049441968129', '2019-03-09', 0, 182, 147, 119, '2019-03-12 13:29:39', '2019-03-12 13:29:39');
INSERT INTO `statistics_daily` VALUES ('1105340059738984449', '2019-03-10', 0, 199, 141, 103, '2019-03-12 13:29:41', '2019-03-12 13:29:41');
INSERT INTO `statistics_daily` VALUES ('1105340070438653953', '2019-03-11', 0, 127, 137, 156, '2019-03-12 13:29:44', '2019-03-12 13:29:44');
INSERT INTO `statistics_daily` VALUES ('1105340080307851266', '2019-03-12', 0, 167, 123, 132, '2019-03-12 13:29:46', '2019-03-12 13:29:46');
INSERT INTO `statistics_daily` VALUES ('1105340090047025153', '2019-03-13', 0, 106, 132, 103, '2019-03-12 13:29:48', '2019-03-12 13:29:48');
INSERT INTO `statistics_daily` VALUES ('1105340100075606017', '2019-03-14', 0, 166, 180, 118, '2019-03-12 13:29:51', '2019-03-12 13:29:51');
INSERT INTO `statistics_daily` VALUES ('1105340110511034370', '2019-03-15', 0, 114, 151, 185, '2019-03-12 13:29:53', '2019-03-12 13:29:53');
INSERT INTO `statistics_daily` VALUES ('1105340132833120258', '2019-03-17', 0, 169, 106, 131, '2019-03-12 13:29:59', '2019-03-12 13:29:59');
INSERT INTO `statistics_daily` VALUES ('1105340145659301890', '2019-03-18', 0, 120, 106, 163, '2019-03-12 13:30:02', '2019-03-12 13:30:02');
INSERT INTO `statistics_daily` VALUES ('1105340153578147842', '2019-03-19', 0, 146, 155, 153, '2019-03-12 13:30:03', '2019-03-12 13:30:03');
INSERT INTO `statistics_daily` VALUES ('1105340162436517890', '2019-03-20', 0, 127, 181, 186, '2019-03-12 13:30:06', '2019-03-12 13:30:06');
INSERT INTO `statistics_daily` VALUES ('1105340171517186050', '2019-03-21', 0, 106, 134, 145, '2019-03-12 13:30:08', '2019-03-12 13:30:08');
INSERT INTO `statistics_daily` VALUES ('1105340181034061825', '2019-03-22', 0, 161, 182, 143, '2019-03-12 13:30:10', '2019-03-12 13:30:10');
INSERT INTO `statistics_daily` VALUES ('1105340190072786946', '2019-03-23', 0, 183, 101, 182, '2019-03-12 13:30:12', '2019-03-12 13:30:12');
INSERT INTO `statistics_daily` VALUES ('1105340199426084865', '2019-03-24', 0, 117, 100, 102, '2019-03-12 13:30:14', '2019-03-12 13:30:14');
INSERT INTO `statistics_daily` VALUES ('1105340209261727745', '2019-03-25', 0, 116, 103, 160, '2019-03-12 13:30:17', '2019-03-12 13:30:17');
INSERT INTO `statistics_daily` VALUES ('1105340217935548418', '2019-03-26', 0, 101, 119, 150, '2019-03-12 13:30:19', '2019-03-12 13:30:19');
INSERT INTO `statistics_daily` VALUES ('1105340225967640577', '2019-03-27', 0, 129, 141, 181, '2019-03-12 13:30:21', '2019-03-12 13:30:21');
INSERT INTO `statistics_daily` VALUES ('1105340234075230209', '2019-03-28', 0, 113, 179, 158, '2019-03-12 13:30:23', '2019-03-12 13:30:23');
INSERT INTO `statistics_daily` VALUES ('1105340242837131265', '2019-03-29', 0, 117, 131, 101, '2019-03-12 13:30:25', '2019-03-12 13:30:25');
INSERT INTO `statistics_daily` VALUES ('1105340252395950082', '2019-03-30', 0, 153, 187, 174, '2019-03-12 13:30:27', '2019-03-12 13:30:27');
INSERT INTO `statistics_daily` VALUES ('1105340261958963201', '2019-03-31', 0, 179, 135, 199, '2019-03-12 13:30:29', '2019-03-12 13:30:29');
INSERT INTO `statistics_daily` VALUES ('1105372743634898945', '2019-01-06', 0, 113, 143, 148, '2019-03-12 15:39:34', '2019-03-12 15:39:34');
INSERT INTO `statistics_daily` VALUES ('1105372754380705793', '2019-01-07', 0, 173, 158, 153, '2019-03-12 15:39:36', '2019-03-12 15:39:36');
INSERT INTO `statistics_daily` VALUES ('1105372762526044162', '2019-01-08', 0, 135, 199, 131, '2019-03-12 15:39:38', '2019-03-12 15:39:38');
INSERT INTO `statistics_daily` VALUES ('1105372771229224961', '2019-01-09', 0, 161, 107, 162, '2019-03-12 15:39:40', '2019-03-12 15:39:40');
INSERT INTO `statistics_daily` VALUES ('1105372780922261505', '2019-01-10', 0, 182, 196, 135, '2019-03-12 15:39:42', '2019-03-12 15:39:42');
INSERT INTO `statistics_daily` VALUES ('1105372790103592961', '2019-01-11', 0, 123, 194, 102, '2019-03-12 15:39:45', '2019-03-12 15:39:45');
INSERT INTO `statistics_daily` VALUES ('1105372798626418689', '2019-01-12', 0, 185, 106, 180, '2019-03-12 15:39:47', '2019-03-12 15:39:47');
INSERT INTO `statistics_daily` VALUES ('1165', '2018-01-01', 583, 26, 236, 14, '2018-01-25 06:38:19', '2019-09-09 12:12:12');
INSERT INTO `statistics_daily` VALUES ('1166', '2018-01-02', 583, 26, 236, 14, '2018-01-25 06:38:19', '2019-09-09 12:12:12');
INSERT INTO `statistics_daily` VALUES ('1167', '2018-01-03', 584, 26, 236, 14, '2018-01-25 06:38:19', '2019-09-09 12:12:12');
INSERT INTO `statistics_daily` VALUES ('1168', '2018-01-04', 584, 26, 237, 14, '2018-01-25 06:38:19', '2019-09-09 12:12:12');
INSERT INTO `statistics_daily` VALUES ('1169', '2018-01-05', 585, 26, 237, 14, '2018-01-25 06:38:19', '2019-09-09 12:12:12');
INSERT INTO `statistics_daily` VALUES ('1170', '2018-01-06', 585, 26, 237, 14, '2018-01-25 06:38:19', '2019-09-09 12:12:12');
INSERT INTO `statistics_daily` VALUES ('1171', '2018-01-07', 586, 26, 237, 14, '2018-01-25 06:38:19', '2019-09-09 12:12:12');
INSERT INTO `statistics_daily` VALUES ('1172', '2018-01-08', 586, 26, 237, 14, '2018-01-25 06:38:19', '2019-09-09 12:12:12');
INSERT INTO `statistics_daily` VALUES ('1173', '2018-01-09', 587, 26, 238, 14, '2018-01-25 06:38:19', '2019-09-09 12:12:12');
INSERT INTO `statistics_daily` VALUES ('1174', '2018-01-10', 587, 26, 238, 14, '2018-01-25 06:38:19', '2019-09-09 12:12:12');
INSERT INTO `statistics_daily` VALUES ('1175', '2018-01-11', 588, 27, 238, 14, '2018-01-25 06:38:19', '2019-09-09 12:12:12');
INSERT INTO `statistics_daily` VALUES ('1176', '2018-01-12', 588, 27, 238, 14, '2018-01-25 06:38:19', '2019-09-09 12:12:12');
INSERT INTO `statistics_daily` VALUES ('1177', '2018-01-13', 589, 27, 238, 14, '2018-01-25 06:38:19', '2019-09-09 12:12:12');
INSERT INTO `statistics_daily` VALUES ('1178', '2018-01-14', 589, 27, 239, 14, '2018-01-25 06:38:19', '2019-09-09 12:12:12');
INSERT INTO `statistics_daily` VALUES ('1179', '2018-01-15', 590, 27, 239, 14, '2018-01-25 06:38:19', '2019-09-09 12:12:12');
INSERT INTO `statistics_daily` VALUES ('1180', '2018-01-16', 590, 27, 239, 14, '2018-01-25 06:38:19', '2019-09-09 12:12:12');
INSERT INTO `statistics_daily` VALUES ('1181', '2018-01-17', 591, 27, 239, 14, '2018-01-25 06:38:19', '2019-09-09 12:12:12');
INSERT INTO `statistics_daily` VALUES ('1182', '2018-01-18', 591, 27, 239, 14, '2018-01-25 06:38:19', '2019-09-09 12:12:12');
INSERT INTO `statistics_daily` VALUES ('1183', '2018-01-19', 592, 27, 240, 14, '2018-01-25 06:38:19', '2019-09-09 12:12:12');
INSERT INTO `statistics_daily` VALUES ('1183991737299263490', '2019-10-01', 0, 145, 149, 153, '2019-10-15 14:23:22', '2019-10-15 14:23:22');
INSERT INTO `statistics_daily` VALUES ('1183999299272904705', '2019-10-03', 0, 125, 102, 153, '2019-10-15 14:53:25', '2019-10-15 14:53:25');
INSERT INTO `statistics_daily` VALUES ('1183999309477646338', '2019-10-04', 0, 103, 194, 161, '2019-10-15 14:53:28', '2019-10-15 14:53:28');
INSERT INTO `statistics_daily` VALUES ('1183999318919024642', '2019-10-05', 0, 173, 174, 147, '2019-10-15 14:53:30', '2019-10-15 14:53:30');
INSERT INTO `statistics_daily` VALUES ('1183999331409661954', '2019-10-06', 0, 129, 197, 173, '2019-10-15 14:53:33', '2019-10-15 14:53:33');
INSERT INTO `statistics_daily` VALUES ('1183999342897860610', '2019-10-07', 0, 184, 125, 169, '2019-10-15 14:53:36', '2019-10-15 14:53:36');
INSERT INTO `statistics_daily` VALUES ('1183999351588458498', '2019-10-08', 0, 173, 143, 138, '2019-10-15 14:53:38', '2019-10-15 14:53:38');
INSERT INTO `statistics_daily` VALUES ('1183999360316805122', '2019-10-09', 0, 161, 158, 117, '2019-10-15 14:53:40', '2019-10-15 14:53:40');
INSERT INTO `statistics_daily` VALUES ('1183999367480676353', '2019-10-10', 0, 190, 166, 135, '2019-10-15 14:53:42', '2019-10-15 14:53:42');
INSERT INTO `statistics_daily` VALUES ('1184', '2018-01-20', 592, 27, 240, 14, '2018-01-25 06:38:19', '2019-09-09 12:12:12');
INSERT INTO `statistics_daily` VALUES ('1184030117693284353', '2019-10-11', 0, 182, 199, 193, '2019-10-15 16:55:53', '2019-10-15 16:55:53');
INSERT INTO `statistics_daily` VALUES ('1185', '2018-01-21', 593, 27, 240, 14, '2018-01-25 06:38:19', '2019-09-09 12:12:12');
INSERT INTO `statistics_daily` VALUES ('1185373213064482818', '2019-01-19', 6, 135, 126, 167, '2019-10-19 09:52:52', '2019-10-19 09:52:52');
INSERT INTO `statistics_daily` VALUES ('1186', '2018-01-22', 593, 27, 240, 14, '2018-01-25 06:38:19', '2019-09-09 12:12:12');
INSERT INTO `statistics_daily` VALUES ('1186536619937435650', '2019-10-02', 0, 187, 183, 108, '2019-10-22 14:55:50', '2019-10-22 14:55:50');
INSERT INTO `statistics_daily` VALUES ('1187', '2018-01-23', 594, 27, 240, 14, '2018-01-25 06:38:19', '2019-09-09 12:12:12');
INSERT INTO `statistics_daily` VALUES ('1188', '2018-01-24', 594, 27, 241, 14, '2018-01-25 06:38:19', '2019-09-09 12:12:12');
INSERT INTO `statistics_daily` VALUES ('1189', '2018-01-25', 595, 27, 241, 14, '2018-01-25 06:38:19', '2019-09-09 12:12:12');
INSERT INTO `statistics_daily` VALUES ('1190', '2018-01-26', 595, 27, 241, 14, '2018-01-25 06:38:19', '2019-09-09 12:12:12');
INSERT INTO `statistics_daily` VALUES ('1191', '2018-01-27', 596, 27, 241, 14, '2018-01-25 06:38:19', '2019-09-09 12:12:12');
INSERT INTO `statistics_daily` VALUES ('1192', '2018-01-28', 596, 27, 241, 14, '2018-01-25 06:38:19', '2019-09-09 12:12:12');
INSERT INTO `statistics_daily` VALUES ('1192253597226455042', '2019-11-01', 0, 129, 122, 167, '2019-11-07 09:33:03', '2019-11-07 09:33:03');
INSERT INTO `statistics_daily` VALUES ('1192253902756335617', '2019-11-02', 0, 170, 192, 192, '2019-11-07 09:34:16', '2019-11-07 09:34:16');
INSERT INTO `statistics_daily` VALUES ('1193', '2018-01-29', 597, 27, 242, 14, '2018-01-25 06:38:19', '2019-09-09 12:12:12');
INSERT INTO `statistics_daily` VALUES ('1194', '2018-01-30', 597, 27, 242, 14, '2018-01-25 06:38:19', '2019-09-09 12:12:12');
INSERT INTO `statistics_daily` VALUES ('1194060032935493633', '2019-11-11', 0, 121, 121, 122, '2019-11-12 09:11:11', '2019-11-12 09:11:11');
INSERT INTO `statistics_daily` VALUES ('1194060301425475585', '2019-11-10', 0, 155, 187, 140, '2019-11-12 09:12:15', '2019-11-12 09:12:15');
INSERT INTO `statistics_daily` VALUES ('1195', '2018-01-31', 598, 27, 242, 14, '2018-01-25 06:38:19', '2019-09-09 12:12:12');
INSERT INTO `statistics_daily` VALUES ('1196', '2018-02-01', 598, 27, 242, 14, '2018-01-25 06:38:19', '2019-09-09 12:12:12');
INSERT INTO `statistics_daily` VALUES ('1197', '2018-02-02', 599, 27, 242, 14, '2018-01-25 06:38:19', '2019-09-09 12:12:12');
INSERT INTO `statistics_daily` VALUES ('1198', '2018-02-03', 599, 27, 243, 14, '2018-01-25 06:38:19', '2019-09-09 12:12:12');
INSERT INTO `statistics_daily` VALUES ('1199', '2018-02-04', 600, 27, 243, 14, '2018-01-25 06:38:19', '2019-09-09 12:12:12');
INSERT INTO `statistics_daily` VALUES ('1200', '2018-02-05', 600, 27, 243, 14, '2018-01-25 06:38:19', '2019-09-09 12:12:12');
INSERT INTO `statistics_daily` VALUES ('1201', '2018-02-06', 601, 27, 243, 14, '2018-01-25 06:38:19', '2019-09-09 12:12:12');
INSERT INTO `statistics_daily` VALUES ('1202', '2018-02-07', 601, 27, 243, 14, '2018-01-25 06:38:19', '2019-09-09 12:12:12');
INSERT INTO `statistics_daily` VALUES ('1203', '2018-02-08', 602, 27, 244, 14, '2018-01-25 06:38:19', '2019-09-09 12:12:12');
INSERT INTO `statistics_daily` VALUES ('1204', '2018-02-09', 602, 27, 244, 14, '2018-01-25 06:38:19', '2019-09-09 12:12:12');
INSERT INTO `statistics_daily` VALUES ('1205', '2018-02-10', 603, 27, 244, 14, '2018-01-25 06:38:19', '2019-09-09 12:12:12');
INSERT INTO `statistics_daily` VALUES ('1206', '2018-02-11', 603, 27, 244, 14, '2018-01-25 06:38:19', '2019-09-09 12:12:12');
INSERT INTO `statistics_daily` VALUES ('1207', '2018-02-12', 604, 27, 244, 14, '2018-01-25 06:38:19', '2019-09-09 12:12:12');
INSERT INTO `statistics_daily` VALUES ('1208', '2018-02-13', 604, 27, 245, 14, '2018-01-25 06:38:19', '2019-09-09 12:12:12');
INSERT INTO `statistics_daily` VALUES ('1209', '2018-02-14', 605, 27, 245, 14, '2018-01-25 06:38:19', '2019-09-09 12:12:12');
INSERT INTO `statistics_daily` VALUES ('1210', '2018-02-15', 605, 27, 245, 14, '2018-01-25 06:38:19', '2019-09-09 12:12:12');
INSERT INTO `statistics_daily` VALUES ('1211', '2018-02-16', 606, 27, 245, 14, '2018-01-25 06:38:19', '2019-09-09 12:12:12');
INSERT INTO `statistics_daily` VALUES ('1212', '2018-02-17', 606, 27, 245, 14, '2018-01-25 06:38:19', '2019-09-09 12:12:12');
INSERT INTO `statistics_daily` VALUES ('1213', '2018-02-18', 607, 27, 246, 14, '2018-01-25 06:38:19', '2019-09-09 12:12:12');
INSERT INTO `statistics_daily` VALUES ('1214', '2018-02-19', 607, 27, 246, 14, '2018-01-25 06:38:19', '2019-09-09 12:12:12');
INSERT INTO `statistics_daily` VALUES ('1215', '2018-02-20', 608, 27, 246, 14, '2018-01-25 06:38:19', '2019-09-09 12:12:12');
INSERT INTO `statistics_daily` VALUES ('1216', '2018-02-21', 608, 27, 246, 14, '2018-01-25 06:38:19', '2019-09-09 12:12:12');
INSERT INTO `statistics_daily` VALUES ('1217', '2018-02-22', 609, 27, 246, 14, '2018-01-25 06:38:19', '2019-09-09 12:12:12');
INSERT INTO `statistics_daily` VALUES ('1218', '2018-02-23', 609, 27, 247, 14, '2018-01-25 06:38:19', '2019-09-09 12:12:12');
INSERT INTO `statistics_daily` VALUES ('1219', '2018-02-24', 610, 27, 247, 14, '2018-01-25 06:38:19', '2019-09-09 12:12:12');
INSERT INTO `statistics_daily` VALUES ('1220', '2018-02-25', 610, 27, 247, 14, '2018-01-25 06:38:19', '2019-09-09 12:12:12');
INSERT INTO `statistics_daily` VALUES ('1221', '2018-02-26', 611, 27, 247, 14, '2018-01-25 06:38:19', '2019-09-09 12:12:12');
INSERT INTO `statistics_daily` VALUES ('1222', '2018-02-27', 611, 27, 247, 14, '2018-01-25 06:38:19', '2019-09-09 12:12:12');
INSERT INTO `statistics_daily` VALUES ('1223', '2018-02-28', 612, 27, 248, 14, '2018-01-25 06:38:19', '2019-09-09 12:12:12');
INSERT INTO `statistics_daily` VALUES ('1224', '2018-03-01', 612, 27, 248, 14, '2018-01-25 06:38:19', '2019-09-09 12:12:12');
INSERT INTO `statistics_daily` VALUES ('1225', '2018-03-02', 613, 28, 248, 14, '2018-01-25 06:38:19', '2019-09-09 12:12:12');
INSERT INTO `statistics_daily` VALUES ('1226', '2018-03-03', 613, 28, 248, 14, '2018-01-25 06:38:19', '2019-09-09 12:12:12');
INSERT INTO `statistics_daily` VALUES ('1227', '2018-03-04', 614, 28, 248, 14, '2018-01-25 06:38:19', '2019-09-09 12:12:12');
INSERT INTO `statistics_daily` VALUES ('1228', '2018-03-05', 614, 28, 249, 14, '2018-01-25 06:38:19', '2019-09-09 12:12:12');
INSERT INTO `statistics_daily` VALUES ('1229', '2018-03-06', 615, 28, 249, 14, '2018-01-25 06:38:19', '2019-09-09 12:12:12');
INSERT INTO `statistics_daily` VALUES ('1230', '2018-03-07', 615, 28, 249, 14, '2018-01-25 06:38:19', '2019-09-09 12:12:12');
INSERT INTO `statistics_daily` VALUES ('1231', '2018-03-08', 616, 28, 249, 14, '2018-01-25 06:38:19', '2019-09-09 12:12:12');
INSERT INTO `statistics_daily` VALUES ('1232', '2018-03-09', 616, 28, 249, 14, '2018-01-25 06:38:19', '2019-09-09 12:12:12');
INSERT INTO `statistics_daily` VALUES ('1233', '2018-03-10', 617, 28, 250, 14, '2018-01-25 06:38:19', '2019-09-09 12:12:12');
INSERT INTO `statistics_daily` VALUES ('1234', '2018-03-11', 617, 28, 250, 14, '2018-01-25 06:38:19', '2019-09-09 12:12:12');
INSERT INTO `statistics_daily` VALUES ('1235', '2018-03-12', 618, 28, 250, 14, '2018-01-25 06:38:19', '2019-09-09 12:12:12');
INSERT INTO `statistics_daily` VALUES ('1236', '2018-03-13', 618, 28, 250, 14, '2018-01-25 06:38:19', '2019-09-09 12:12:12');
INSERT INTO `statistics_daily` VALUES ('1237', '2018-03-14', 619, 28, 250, 14, '2018-01-25 06:38:19', '2019-09-09 12:12:12');
INSERT INTO `statistics_daily` VALUES ('1238', '2018-03-15', 619, 28, 251, 14, '2018-01-25 06:38:19', '2019-09-09 12:12:12');
INSERT INTO `statistics_daily` VALUES ('1239', '2018-03-16', 620, 28, 251, 14, '2018-01-25 06:38:19', '2019-09-09 12:12:12');
INSERT INTO `statistics_daily` VALUES ('1240', '2018-03-17', 620, 28, 251, 14, '2018-01-25 06:38:19', '2019-09-09 12:12:12');
INSERT INTO `statistics_daily` VALUES ('1241', '2018-03-18', 621, 28, 251, 14, '2018-01-25 06:38:19', '2019-09-09 12:12:12');
INSERT INTO `statistics_daily` VALUES ('1242', '2018-03-19', 621, 28, 251, 14, '2018-01-25 06:38:19', '2019-09-09 12:12:12');
INSERT INTO `statistics_daily` VALUES ('1243', '2018-03-20', 622, 28, 252, 14, '2018-01-25 06:38:19', '2019-09-09 12:12:12');
INSERT INTO `statistics_daily` VALUES ('1244', '2018-03-21', 622, 28, 252, 14, '2018-01-25 06:38:19', '2019-09-09 12:12:12');
INSERT INTO `statistics_daily` VALUES ('1245', '2018-03-22', 623, 28, 252, 14, '2018-01-25 06:38:19', '2019-09-09 12:12:12');
INSERT INTO `statistics_daily` VALUES ('1246', '2018-03-23', 623, 28, 252, 14, '2018-01-25 06:38:19', '2019-09-09 12:12:12');
INSERT INTO `statistics_daily` VALUES ('1247', '2018-03-24', 624, 28, 252, 14, '2018-01-25 06:38:19', '2019-09-09 12:12:12');
INSERT INTO `statistics_daily` VALUES ('1248', '2018-03-25', 624, 28, 253, 14, '2018-01-25 06:38:19', '2019-09-09 12:12:12');
INSERT INTO `statistics_daily` VALUES ('1249', '2018-03-26', 625, 28, 253, 14, '2018-01-25 06:38:19', '2019-09-09 12:12:12');
INSERT INTO `statistics_daily` VALUES ('1250', '2018-03-27', 625, 28, 253, 14, '2018-01-25 06:38:19', '2019-09-09 12:12:12');
INSERT INTO `statistics_daily` VALUES ('1251', '2018-03-28', 626, 28, 253, 14, '2018-01-25 06:38:19', '2019-09-09 12:12:12');
INSERT INTO `statistics_daily` VALUES ('1252', '2018-03-29', 626, 28, 253, 14, '2018-01-25 06:38:19', '2019-09-09 12:12:12');
INSERT INTO `statistics_daily` VALUES ('1253', '2018-03-30', 627, 28, 254, 14, '2018-01-25 06:38:19', '2019-09-09 12:12:12');
INSERT INTO `statistics_daily` VALUES ('1254', '2018-03-31', 627, 28, 254, 14, '2018-01-25 06:38:19', '2019-09-09 12:12:12');
INSERT INTO `statistics_daily` VALUES ('1255', '2018-04-01', 628, 28, 254, 14, '2018-01-25 06:38:19', '2019-09-09 12:12:12');
INSERT INTO `statistics_daily` VALUES ('1256', '2018-04-02', 628, 28, 254, 14, '2018-01-25 06:38:19', '2019-09-09 12:12:12');
INSERT INTO `statistics_daily` VALUES ('1257', '2018-04-03', 629, 28, 254, 14, '2018-01-25 06:38:19', '2019-09-09 12:12:12');
INSERT INTO `statistics_daily` VALUES ('1258', '2018-04-04', 629, 28, 255, 14, '2018-01-25 06:38:19', '2019-09-09 12:12:12');
INSERT INTO `statistics_daily` VALUES ('1259', '2018-04-05', 630, 28, 255, 14, '2018-01-25 06:38:19', '2019-09-09 12:12:12');
INSERT INTO `statistics_daily` VALUES ('1260', '2018-04-06', 630, 28, 255, 14, '2018-01-25 06:38:19', '2019-09-09 12:12:12');
INSERT INTO `statistics_daily` VALUES ('1261', '2018-04-07', 631, 28, 255, 14, '2018-01-25 06:38:19', '2019-09-09 12:12:12');
INSERT INTO `statistics_daily` VALUES ('1262', '2018-04-08', 631, 28, 255, 14, '2018-01-25 06:38:19', '2019-09-09 12:12:12');
INSERT INTO `statistics_daily` VALUES ('1263', '2018-04-09', 632, 28, 256, 14, '2018-01-25 06:38:19', '2019-09-09 12:12:12');
INSERT INTO `statistics_daily` VALUES ('1264', '2018-04-10', 632, 28, 256, 14, '2018-01-25 06:38:19', '2019-09-09 12:12:12');
INSERT INTO `statistics_daily` VALUES ('1265', '2018-04-11', 633, 28, 256, 14, '2018-01-25 06:38:19', '2019-09-09 12:12:12');
INSERT INTO `statistics_daily` VALUES ('1266', '2018-04-12', 633, 28, 256, 14, '2018-01-25 06:38:19', '2019-09-09 12:12:12');
INSERT INTO `statistics_daily` VALUES ('1267', '2018-04-13', 634, 28, 256, 14, '2018-01-25 06:38:19', '2019-09-09 12:12:12');
INSERT INTO `statistics_daily` VALUES ('1268', '2018-04-14', 634, 28, 257, 14, '2018-01-25 06:38:19', '2019-09-09 12:12:12');
INSERT INTO `statistics_daily` VALUES ('1269', '2018-04-15', 635, 28, 257, 14, '2018-01-25 06:38:19', '2019-09-09 12:12:12');
INSERT INTO `statistics_daily` VALUES ('1270', '2018-04-16', 635, 28, 257, 14, '2018-01-25 06:38:19', '2019-09-09 12:12:12');
INSERT INTO `statistics_daily` VALUES ('1271', '2018-04-17', 636, 28, 257, 14, '2018-01-25 06:38:19', '2019-09-09 12:12:12');
INSERT INTO `statistics_daily` VALUES ('1272', '2018-04-18', 636, 28, 257, 14, '2018-01-25 06:38:19', '2019-09-09 12:12:12');
INSERT INTO `statistics_daily` VALUES ('1273', '2018-04-19', 637, 28, 258, 14, '2018-01-25 06:38:19', '2019-09-09 12:12:12');
INSERT INTO `statistics_daily` VALUES ('1274', '2018-04-20', 637, 28, 258, 14, '2018-01-25 06:38:19', '2019-09-09 12:12:12');
INSERT INTO `statistics_daily` VALUES ('1275', '2018-04-21', 638, 29, 258, 14, '2018-01-25 06:38:19', '2019-09-09 12:12:12');
INSERT INTO `statistics_daily` VALUES ('1276', '2018-04-22', 638, 29, 258, 14, '2018-01-25 06:38:19', '2019-09-09 12:12:12');
INSERT INTO `statistics_daily` VALUES ('1277', '2018-04-23', 639, 29, 258, 14, '2018-01-25 06:38:19', '2019-09-09 12:12:12');
INSERT INTO `statistics_daily` VALUES ('1278', '2018-04-24', 639, 29, 259, 14, '2018-01-25 06:38:19', '2019-09-09 12:12:12');
INSERT INTO `statistics_daily` VALUES ('1279', '2018-04-25', 640, 29, 259, 14, '2018-01-25 06:38:19', '2019-09-09 12:12:12');
INSERT INTO `statistics_daily` VALUES ('1280', '2018-04-26', 640, 29, 259, 14, '2018-01-25 06:38:19', '2019-09-09 12:12:12');
INSERT INTO `statistics_daily` VALUES ('1281', '2018-04-27', 641, 29, 259, 14, '2018-01-25 06:38:19', '2019-09-09 12:12:12');
INSERT INTO `statistics_daily` VALUES ('1282', '2018-04-28', 641, 29, 259, 14, '2018-01-25 06:38:19', '2019-09-09 12:12:12');
INSERT INTO `statistics_daily` VALUES ('1283', '2018-04-29', 642, 29, 260, 14, '2018-01-25 06:38:19', '2019-09-09 12:12:12');
INSERT INTO `statistics_daily` VALUES ('1284', '2018-04-30', 642, 29, 260, 14, '2018-01-25 06:38:19', '2019-09-09 12:12:12');
INSERT INTO `statistics_daily` VALUES ('1285', '2018-05-01', 643, 29, 260, 14, '2018-01-25 06:38:19', '2019-09-09 12:12:12');
INSERT INTO `statistics_daily` VALUES ('1286', '2018-05-02', 643, 29, 260, 14, '2018-01-25 06:38:19', '2019-09-09 12:12:12');
INSERT INTO `statistics_daily` VALUES ('1287', '2018-05-03', 644, 29, 260, 14, '2018-01-25 06:38:19', '2019-09-09 12:12:12');
INSERT INTO `statistics_daily` VALUES ('1288', '2018-05-04', 644, 29, 261, 14, '2018-01-25 06:38:19', '2019-09-09 12:12:12');
INSERT INTO `statistics_daily` VALUES ('1289', '2018-05-05', 645, 29, 261, 14, '2018-01-25 06:38:19', '2019-09-09 12:12:12');
INSERT INTO `statistics_daily` VALUES ('1290', '2018-05-06', 645, 29, 261, 14, '2018-01-25 06:38:19', '2019-09-09 12:12:12');
INSERT INTO `statistics_daily` VALUES ('1291', '2018-05-07', 646, 29, 261, 14, '2018-01-25 06:38:19', '2019-09-09 12:12:12');
INSERT INTO `statistics_daily` VALUES ('1292', '2018-05-08', 646, 29, 261, 14, '2018-01-25 06:38:19', '2019-09-09 12:12:12');
INSERT INTO `statistics_daily` VALUES ('1293', '2018-05-09', 647, 29, 262, 14, '2018-01-25 06:38:19', '2019-09-09 12:12:12');
INSERT INTO `statistics_daily` VALUES ('1294', '2018-05-10', 647, 29, 262, 14, '2018-01-25 06:38:19', '2019-09-09 12:12:12');
INSERT INTO `statistics_daily` VALUES ('1295', '2018-05-11', 648, 29, 262, 14, '2018-01-25 06:38:19', '2019-09-09 12:12:12');
INSERT INTO `statistics_daily` VALUES ('1296', '2018-05-12', 648, 29, 262, 14, '2018-01-25 06:38:19', '2019-09-09 12:12:12');
INSERT INTO `statistics_daily` VALUES ('1297', '2018-05-13', 649, 29, 262, 14, '2018-01-25 06:38:19', '2019-09-09 12:12:12');
INSERT INTO `statistics_daily` VALUES ('1298', '2018-05-14', 649, 29, 263, 14, '2018-01-25 06:38:19', '2019-09-09 12:12:12');
INSERT INTO `statistics_daily` VALUES ('1299', '2018-05-15', 5, 29, 263, 14, '2018-01-25 06:38:19', '2019-09-09 12:12:12');
INSERT INTO `statistics_daily` VALUES ('1300', '2018-05-16', 650, 29, 263, 14, '2018-01-25 06:38:19', '2019-09-09 12:12:12');
INSERT INTO `statistics_daily` VALUES ('1301', '2018-05-17', 651, 29, 263, 14, '2018-01-25 06:38:19', '2019-09-09 12:12:12');
INSERT INTO `statistics_daily` VALUES ('1302', '2018-05-18', 651, 29, 263, 14, '2018-01-25 06:38:19', '2019-09-09 12:12:12');
INSERT INTO `statistics_daily` VALUES ('1303', '2018-05-19', 652, 29, 264, 14, '2018-01-25 06:38:19', '2019-09-09 12:12:12');
INSERT INTO `statistics_daily` VALUES ('1304', '2018-05-20', 652, 29, 264, 14, '2018-01-25 06:38:19', '2019-09-09 12:12:12');
INSERT INTO `statistics_daily` VALUES ('1305', '2018-05-21', 653, 29, 264, 14, '2018-01-25 06:38:19', '2019-09-09 12:12:12');
INSERT INTO `statistics_daily` VALUES ('1306', '2018-05-22', 1, 29, 264, 14, '2018-01-25 06:38:19', '2019-09-09 12:12:12');
INSERT INTO `statistics_daily` VALUES ('1307', '2018-05-23', 654, 29, 264, 14, '2018-01-25 06:38:19', '2019-09-09 12:12:12');
INSERT INTO `statistics_daily` VALUES ('1308', '2018-05-24', 654, 29, 265, 14, '2018-01-25 06:38:19', '2019-09-09 12:12:12');
INSERT INTO `statistics_daily` VALUES ('1309', '2018-05-25', 1, 29, 265, 14, '2018-01-25 06:38:19', '2019-09-09 12:12:12');
INSERT INTO `statistics_daily` VALUES ('1310', '2018-05-26', 655, 29, 265, 14, '2018-01-25 06:38:19', '2019-09-09 12:12:12');
INSERT INTO `statistics_daily` VALUES ('1311', '2018-05-27', 656, 29, 265, 14, '2018-01-25 06:38:19', '2019-09-09 12:12:12');
INSERT INTO `statistics_daily` VALUES ('1312', '2018-05-28', 656, 29, 265, 14, '2018-01-25 06:38:19', '2019-09-09 12:12:12');
INSERT INTO `statistics_daily` VALUES ('1313', '2018-05-29', 657, 29, 266, 14, '2018-01-25 06:38:19', '2019-09-09 12:12:12');
INSERT INTO `statistics_daily` VALUES ('1314', '2018-05-30', 657, 29, 266, 14, '2018-01-25 06:38:19', '2019-09-09 12:12:12');
INSERT INTO `statistics_daily` VALUES ('1314510555688669185', '2019-03-16', 13, 170, 135, 115, '2020-10-09 18:18:34', '2020-10-09 18:18:34');
INSERT INTO `statistics_daily` VALUES ('1315', '2018-05-31', 658, 29, 266, 14, '2018-01-25 06:38:19', '2019-09-09 12:12:12');
INSERT INTO `statistics_daily` VALUES ('1316', '2018-06-01', 658, 29, 266, 14, '2018-01-25 06:38:19', '2019-09-09 12:12:12');
INSERT INTO `statistics_daily` VALUES ('1317', '2018-06-02', 659, 29, 266, 14, '2018-01-25 06:38:19', '2019-09-09 12:12:12');
INSERT INTO `statistics_daily` VALUES ('1318', '2018-06-03', 659, 29, 267, 14, '2018-01-25 06:38:19', '2019-09-09 12:12:12');
INSERT INTO `statistics_daily` VALUES ('1319', '2018-06-04', 660, 29, 267, 14, '2018-01-25 06:38:19', '2019-09-09 12:12:12');
INSERT INTO `statistics_daily` VALUES ('1320', '2018-06-05', 660, 29, 267, 14, '2018-01-25 06:38:19', '2019-09-09 12:12:12');
INSERT INTO `statistics_daily` VALUES ('1321', '2018-06-06', 661, 29, 267, 14, '2018-01-25 06:38:19', '2019-09-09 12:12:12');
INSERT INTO `statistics_daily` VALUES ('1322', '2018-06-07', 661, 29, 267, 14, '2018-01-25 06:38:19', '2019-09-09 12:12:12');
INSERT INTO `statistics_daily` VALUES ('1323', '2018-06-08', 662, 29, 268, 14, '2018-01-25 06:38:19', '2019-09-09 12:12:12');
INSERT INTO `statistics_daily` VALUES ('1324', '2018-06-09', 662, 29, 268, 14, '2018-01-25 06:38:19', '2019-09-09 12:12:12');
INSERT INTO `statistics_daily` VALUES ('1325', '2018-06-10', 663, 30, 268, 14, '2018-01-25 06:38:19', '2019-09-09 12:12:12');
INSERT INTO `statistics_daily` VALUES ('1326', '2018-06-11', 663, 30, 268, 14, '2018-01-25 06:38:19', '2019-09-09 12:12:12');
INSERT INTO `statistics_daily` VALUES ('1327', '2018-06-12', 664, 30, 268, 14, '2018-01-25 06:38:19', '2019-09-09 12:12:12');
INSERT INTO `statistics_daily` VALUES ('1328', '2018-06-13', 664, 30, 269, 14, '2018-01-25 06:38:19', '2019-09-09 12:12:12');
INSERT INTO `statistics_daily` VALUES ('1329', '2018-06-14', 665, 30, 269, 14, '2018-01-25 06:38:19', '2019-09-09 12:12:12');
INSERT INTO `statistics_daily` VALUES ('1330', '2018-06-15', 665, 30, 269, 14, '2018-01-25 06:38:19', '2019-09-09 12:12:12');
INSERT INTO `statistics_daily` VALUES ('1331', '2018-06-16', 666, 30, 269, 14, '2018-01-25 06:38:19', '2019-09-09 12:12:12');
INSERT INTO `statistics_daily` VALUES ('1332', '2018-06-17', 666, 30, 269, 14, '2018-01-25 06:38:19', '2019-09-09 12:12:12');
INSERT INTO `statistics_daily` VALUES ('1333', '2018-06-18', 667, 30, 270, 14, '2018-01-25 06:38:19', '2019-09-09 12:12:12');
INSERT INTO `statistics_daily` VALUES ('1334', '2018-06-19', 667, 30, 270, 14, '2018-01-25 06:38:19', '2019-09-09 12:12:12');
INSERT INTO `statistics_daily` VALUES ('1335', '2018-06-20', 668, 30, 270, 14, '2018-01-25 06:38:19', '2019-09-09 12:12:12');
INSERT INTO `statistics_daily` VALUES ('1336', '2018-06-21', 668, 30, 270, 14, '2018-01-25 06:38:19', '2019-09-09 12:12:12');
INSERT INTO `statistics_daily` VALUES ('1337', '2018-06-22', 669, 30, 270, 14, '2018-01-25 06:38:19', '2019-09-09 12:12:12');
INSERT INTO `statistics_daily` VALUES ('1338', '2018-06-23', 669, 30, 271, 14, '2018-01-25 06:38:19', '2019-09-09 12:12:12');
INSERT INTO `statistics_daily` VALUES ('1339', '2018-06-24', 670, 30, 271, 14, '2018-01-25 06:38:19', '2019-09-09 12:12:12');
INSERT INTO `statistics_daily` VALUES ('1340', '2018-06-25', 670, 30, 271, 14, '2018-01-25 06:38:19', '2019-09-09 12:12:12');
INSERT INTO `statistics_daily` VALUES ('1341', '2018-06-26', 671, 30, 271, 14, '2018-01-25 06:38:19', '2019-09-09 12:12:12');
INSERT INTO `statistics_daily` VALUES ('1342', '2018-06-27', 671, 30, 271, 14, '2018-01-25 06:38:19', '2019-09-09 12:12:12');
INSERT INTO `statistics_daily` VALUES ('1343', '2018-06-28', 672, 30, 272, 14, '2018-01-25 06:38:19', '2019-09-09 12:12:12');
INSERT INTO `statistics_daily` VALUES ('1344', '2018-06-29', 672, 30, 272, 14, '2018-01-25 06:38:19', '2019-09-09 12:12:12');
INSERT INTO `statistics_daily` VALUES ('1345', '2018-06-30', 673, 30, 272, 14, '2018-01-25 06:38:20', '2019-09-09 12:12:12');
INSERT INTO `statistics_daily` VALUES ('1346', '2018-07-01', 673, 30, 272, 14, '2018-01-25 06:38:20', '2019-09-09 12:12:12');
INSERT INTO `statistics_daily` VALUES ('1347', '2018-07-02', 674, 30, 272, 14, '2018-01-25 06:38:20', '2019-09-09 12:12:12');
INSERT INTO `statistics_daily` VALUES ('1347060126538326018', '2021-01-07', 2, 0, 0, 0, '2021-01-07 13:58:56', '2021-01-07 13:58:56');
INSERT INTO `statistics_daily` VALUES ('1347419352601808898', '2021-01-08', 24, 0, 0, 0, '2021-01-08 13:46:22', '2021-01-08 13:46:22');
INSERT INTO `statistics_daily` VALUES ('1348', '2018-07-03', 674, 30, 273, 14, '2018-01-25 06:38:20', '2019-09-09 12:12:12');
INSERT INTO `statistics_daily` VALUES ('1348264013939658753', '2021-01-10', 2, 0, 0, 0, '2021-01-10 21:42:45', '2021-01-10 21:42:45');
INSERT INTO `statistics_daily` VALUES ('1348459616430829569', '2021-01-11', 24, 0, 0, 0, '2021-01-11 10:40:00', '2021-01-11 10:40:00');
INSERT INTO `statistics_daily` VALUES ('1349', '2018-07-04', 675, 30, 273, 14, '2018-01-25 06:38:20', '2019-09-09 12:12:12');
INSERT INTO `statistics_daily` VALUES ('1350', '2018-07-05', 675, 30, 273, 14, '2018-01-25 06:38:20', '2019-09-09 12:12:12');
INSERT INTO `statistics_daily` VALUES ('1351', '2018-07-06', 676, 30, 273, 14, '2018-01-25 06:38:20', '2019-09-09 12:12:12');
INSERT INTO `statistics_daily` VALUES ('1352', '2018-07-07', 676, 30, 273, 14, '2018-01-25 06:38:20', '2019-09-09 12:12:12');
INSERT INTO `statistics_daily` VALUES ('1353', '2018-07-08', 677, 30, 274, 14, '2018-01-25 06:38:20', '2019-09-09 12:12:12');
INSERT INTO `statistics_daily` VALUES ('1354', '2018-07-09', 677, 30, 274, 14, '2018-01-25 06:38:20', '2019-09-09 12:12:12');
INSERT INTO `statistics_daily` VALUES ('1355', '2018-07-10', 678, 30, 274, 14, '2018-01-25 06:38:20', '2019-09-09 12:12:12');
INSERT INTO `statistics_daily` VALUES ('1356', '2018-07-11', 678, 30, 274, 14, '2018-01-25 06:38:20', '2019-09-09 12:12:12');
INSERT INTO `statistics_daily` VALUES ('1357', '2018-07-12', 679, 30, 274, 14, '2018-01-25 06:38:20', '2019-09-09 12:12:12');
INSERT INTO `statistics_daily` VALUES ('1358', '2018-07-13', 679, 30, 275, 14, '2018-01-25 06:38:20', '2019-09-09 12:12:12');
INSERT INTO `statistics_daily` VALUES ('1359', '2018-07-14', 680, 30, 275, 14, '2018-01-25 06:38:20', '2019-09-09 12:12:12');
INSERT INTO `statistics_daily` VALUES ('1360', '2018-07-15', 680, 30, 275, 14, '2018-01-25 06:38:20', '2019-09-09 12:12:12');
INSERT INTO `statistics_daily` VALUES ('1361', '2018-07-16', 681, 30, 275, 14, '2018-01-25 06:38:20', '2019-09-09 12:12:12');
INSERT INTO `statistics_daily` VALUES ('1362', '2018-07-17', 681, 30, 275, 14, '2018-01-25 06:38:20', '2019-09-09 12:12:12');
INSERT INTO `statistics_daily` VALUES ('1363', '2018-07-18', 682, 30, 276, 14, '2018-01-25 06:38:20', '2019-09-09 12:12:12');
INSERT INTO `statistics_daily` VALUES ('1364', '2018-07-19', 682, 30, 276, 14, '2018-01-25 06:38:20', '2019-09-09 12:12:12');
INSERT INTO `statistics_daily` VALUES ('1365', '2018-07-20', 683, 30, 276, 14, '2018-01-25 06:38:20', '2019-09-09 12:12:12');
INSERT INTO `statistics_daily` VALUES ('1366', '2018-07-21', 683, 30, 276, 14, '2018-01-25 06:38:20', '2019-09-09 12:12:12');
INSERT INTO `statistics_daily` VALUES ('1367', '2018-07-22', 684, 30, 276, 14, '2018-01-25 06:38:20', '2019-09-09 12:12:12');
INSERT INTO `statistics_daily` VALUES ('1368', '2018-07-23', 684, 30, 277, 14, '2018-01-25 06:38:20', '2019-09-09 12:12:12');
INSERT INTO `statistics_daily` VALUES ('1369', '2018-07-24', 685, 30, 277, 14, '2018-01-25 06:38:20', '2019-09-09 12:12:12');
INSERT INTO `statistics_daily` VALUES ('1370', '2018-07-25', 685, 30, 277, 14, '2018-01-25 06:38:20', '2019-09-09 12:12:12');
INSERT INTO `statistics_daily` VALUES ('1371', '2018-07-26', 686, 30, 277, 14, '2018-01-25 06:38:20', '2019-09-09 12:12:12');
INSERT INTO `statistics_daily` VALUES ('1372', '2018-07-27', 686, 30, 277, 14, '2018-01-25 06:38:20', '2019-09-09 12:12:12');
INSERT INTO `statistics_daily` VALUES ('1373', '2018-07-28', 687, 30, 278, 14, '2018-01-25 06:38:20', '2019-09-09 12:12:12');
INSERT INTO `statistics_daily` VALUES ('1374', '2018-07-29', 687, 30, 278, 14, '2018-01-25 06:38:20', '2019-09-09 12:12:12');
INSERT INTO `statistics_daily` VALUES ('1375', '2018-07-30', 688, 31, 278, 14, '2018-01-25 06:38:20', '2019-09-09 12:12:12');
INSERT INTO `statistics_daily` VALUES ('1376', '2018-07-31', 688, 31, 278, 14, '2018-01-25 06:38:20', '2019-09-09 12:12:12');
INSERT INTO `statistics_daily` VALUES ('1377', '2018-08-01', 689, 31, 278, 14, '2018-01-25 06:38:20', '2019-09-09 12:12:12');
INSERT INTO `statistics_daily` VALUES ('1378', '2018-08-02', 689, 31, 279, 14, '2018-01-25 06:38:20', '2019-09-09 12:12:12');
INSERT INTO `statistics_daily` VALUES ('1379', '2018-08-03', 690, 31, 279, 14, '2018-01-25 06:38:20', '2019-09-09 12:12:12');
INSERT INTO `statistics_daily` VALUES ('1380', '2018-08-04', 690, 31, 279, 14, '2018-01-25 06:38:20', '2019-09-09 12:12:12');
INSERT INTO `statistics_daily` VALUES ('1381', '2018-08-05', 691, 31, 279, 14, '2018-01-25 06:38:20', '2019-09-09 12:12:12');
INSERT INTO `statistics_daily` VALUES ('1382', '2018-08-06', 691, 31, 279, 14, '2018-01-25 06:38:20', '2019-09-09 12:12:12');
INSERT INTO `statistics_daily` VALUES ('1383', '2018-08-07', 692, 31, 280, 14, '2018-01-25 06:38:20', '2019-09-09 12:12:12');
INSERT INTO `statistics_daily` VALUES ('1384', '2018-08-08', 692, 31, 280, 14, '2018-01-25 06:38:20', '2019-09-09 12:12:12');
INSERT INTO `statistics_daily` VALUES ('1385', '2018-08-09', 1, 31, 280, 14, '2018-01-25 06:38:20', '2019-09-09 12:12:12');
INSERT INTO `statistics_daily` VALUES ('1386', '2018-08-10', 693, 31, 280, 14, '2018-01-25 06:38:20', '2019-09-09 12:12:12');
INSERT INTO `statistics_daily` VALUES ('1387', '2018-08-11', 694, 31, 280, 14, '2018-01-25 06:38:20', '2019-09-09 12:12:12');
INSERT INTO `statistics_daily` VALUES ('1388', '2018-08-12', 694, 31, 281, 14, '2018-01-25 06:38:20', '2019-09-09 12:12:12');
INSERT INTO `statistics_daily` VALUES ('1389', '2018-08-13', 695, 31, 281, 14, '2018-01-25 06:38:20', '2019-09-09 12:12:12');
INSERT INTO `statistics_daily` VALUES ('1390', '2018-08-14', 695, 31, 281, 14, '2018-01-25 06:38:20', '2019-09-09 12:12:12');
INSERT INTO `statistics_daily` VALUES ('1391', '2018-08-15', 696, 31, 281, 14, '2018-01-25 06:38:20', '2019-09-09 12:12:12');
INSERT INTO `statistics_daily` VALUES ('1392', '2018-08-16', 696, 31, 281, 14, '2018-01-25 06:38:20', '2019-09-09 12:12:12');
INSERT INTO `statistics_daily` VALUES ('1393', '2018-08-17', 697, 31, 282, 14, '2018-01-25 06:38:20', '2019-09-09 12:12:12');
INSERT INTO `statistics_daily` VALUES ('1394', '2018-08-18', 697, 31, 282, 14, '2018-01-25 06:38:20', '2019-09-09 12:12:12');
INSERT INTO `statistics_daily` VALUES ('1395', '2018-08-19', 698, 31, 282, 14, '2018-01-25 06:38:20', '2019-09-09 12:12:12');
INSERT INTO `statistics_daily` VALUES ('1396', '2018-08-20', 698, 31, 282, 14, '2018-01-25 06:38:20', '2019-09-09 12:12:12');
INSERT INTO `statistics_daily` VALUES ('1397', '2018-08-21', 699, 31, 282, 14, '2018-01-25 06:38:20', '2019-09-09 12:12:12');
INSERT INTO `statistics_daily` VALUES ('1398', '2018-08-22', 699, 31, 283, 14, '2018-01-25 06:38:20', '2019-09-09 12:12:12');
INSERT INTO `statistics_daily` VALUES ('1399', '2018-08-23', 700, 31, 283, 14, '2018-01-25 06:38:20', '2019-09-09 12:12:12');
INSERT INTO `statistics_daily` VALUES ('1400', '2018-08-24', 700, 31, 283, 14, '2018-01-25 06:38:20', '2019-09-09 12:12:12');
INSERT INTO `statistics_daily` VALUES ('1401', '2018-08-25', 701, 31, 283, 14, '2018-01-25 06:38:20', '2019-09-09 12:12:12');
INSERT INTO `statistics_daily` VALUES ('1402', '2018-08-26', 701, 31, 283, 14, '2018-01-25 06:38:20', '2019-09-09 12:12:12');
INSERT INTO `statistics_daily` VALUES ('1403', '2018-08-27', 702, 31, 284, 14, '2018-01-25 06:38:20', '2019-09-09 12:12:12');
INSERT INTO `statistics_daily` VALUES ('1404', '2018-08-28', 702, 31, 284, 14, '2018-01-25 06:38:20', '2019-09-09 12:12:12');
INSERT INTO `statistics_daily` VALUES ('1405', '2018-08-29', 703, 31, 284, 14, '2018-01-25 06:38:20', '2019-09-09 12:12:12');
INSERT INTO `statistics_daily` VALUES ('1406', '2018-08-30', 703, 31, 284, 14, '2018-01-25 06:38:20', '2019-09-09 12:12:12');
INSERT INTO `statistics_daily` VALUES ('1407', '2018-08-31', 704, 31, 284, 14, '2018-01-25 06:38:20', '2019-09-09 12:12:12');
INSERT INTO `statistics_daily` VALUES ('1408', '2018-09-01', 1, 31, 285, 14, '2018-01-25 06:38:20', '2019-09-09 12:12:12');
INSERT INTO `statistics_daily` VALUES ('1409', '2018-09-02', 705, 31, 285, 14, '2018-01-25 06:38:20', '2019-09-09 12:12:12');
INSERT INTO `statistics_daily` VALUES ('1410', '2018-09-03', 705, 31, 285, 14, '2018-01-25 06:38:20', '2019-09-09 12:12:12');
INSERT INTO `statistics_daily` VALUES ('1411', '2018-09-04', 706, 31, 285, 14, '2018-01-25 06:38:20', '2019-09-09 12:12:12');
INSERT INTO `statistics_daily` VALUES ('1412', '2018-09-05', 706, 31, 285, 14, '2018-01-25 06:38:20', '2019-09-09 12:12:12');
INSERT INTO `statistics_daily` VALUES ('1413', '2018-09-06', 707, 31, 286, 14, '2018-01-25 06:38:20', '2019-09-09 12:12:12');
INSERT INTO `statistics_daily` VALUES ('1414', '2018-09-07', 707, 31, 1, 14, '2018-01-25 06:38:20', '2019-09-09 12:12:12');
INSERT INTO `statistics_daily` VALUES ('1415', '2018-09-08', 708, 31, 1, 14, '2018-01-25 06:38:20', '2019-09-09 12:12:12');
INSERT INTO `statistics_daily` VALUES ('1416', '2018-09-09', 1, 31, 1, 14, '2018-01-25 06:38:20', '2019-09-09 12:12:12');
INSERT INTO `statistics_daily` VALUES ('1417', '2018-09-10', 1, 31, 2, 14, '2018-01-25 06:38:20', '2019-09-09 12:12:12');
INSERT INTO `statistics_daily` VALUES ('1418', '2018-09-11', 709, 31, 287, 14, '2018-01-25 06:38:20', '2019-09-09 12:12:12');
INSERT INTO `statistics_daily` VALUES ('1419', '2018-09-12', 710, 31, 287, 14, '2018-01-25 06:38:20', '2019-09-09 12:12:12');
INSERT INTO `statistics_daily` VALUES ('1420', '2018-09-13', 710, 31, 287, 14, '2018-01-25 06:38:20', '2019-09-09 12:12:12');
INSERT INTO `statistics_daily` VALUES ('1421', '2018-09-14', 711, 31, 287, 14, '2018-01-25 06:38:20', '2019-09-09 12:12:12');
INSERT INTO `statistics_daily` VALUES ('1422', '2018-09-15', 711, 31, 287, 14, '2018-01-25 06:38:20', '2019-09-09 12:12:12');
INSERT INTO `statistics_daily` VALUES ('1423', '2018-09-16', 712, 31, 288, 14, '2018-01-25 06:38:20', '2019-09-09 12:12:12');
INSERT INTO `statistics_daily` VALUES ('1424', '2018-09-17', 712, 31, 288, 14, '2018-01-25 06:38:20', '2019-09-09 12:12:12');
INSERT INTO `statistics_daily` VALUES ('1425', '2018-09-18', 713, 32, 288, 14, '2018-01-25 06:38:20', '2019-09-09 12:12:12');
INSERT INTO `statistics_daily` VALUES ('1426', '2018-09-19', 713, 32, 288, 14, '2018-01-25 06:38:20', '2019-09-09 12:12:12');
INSERT INTO `statistics_daily` VALUES ('1427', '2018-09-20', 714, 32, 288, 14, '2018-01-25 06:38:20', '2019-09-09 12:12:12');
INSERT INTO `statistics_daily` VALUES ('1428', '2018-09-21', 714, 32, 289, 14, '2018-01-25 06:38:20', '2019-09-09 12:12:12');
INSERT INTO `statistics_daily` VALUES ('1429', '2018-09-22', 715, 32, 289, 14, '2018-01-25 06:38:20', '2019-09-09 12:12:12');
INSERT INTO `statistics_daily` VALUES ('1430', '2018-09-23', 715, 32, 289, 14, '2018-01-25 06:38:20', '2019-09-09 12:12:12');
INSERT INTO `statistics_daily` VALUES ('1431', '2018-09-24', 716, 32, 1, 14, '2018-01-25 06:38:20', '2019-09-09 12:12:12');
INSERT INTO `statistics_daily` VALUES ('1432', '2018-09-25', 716, 32, 289, 14, '2018-01-25 06:38:20', '2019-09-09 12:12:12');
INSERT INTO `statistics_daily` VALUES ('1433', '2018-09-26', 717, 32, 290, 14, '2018-01-25 06:38:20', '2019-09-09 12:12:12');
INSERT INTO `statistics_daily` VALUES ('1434', '2018-09-27', 717, 32, 290, 14, '2018-01-25 06:38:20', '2019-09-09 12:12:12');
INSERT INTO `statistics_daily` VALUES ('1435', '2018-09-28', 718, 32, 290, 14, '2018-01-25 06:38:20', '2019-09-09 12:12:12');
INSERT INTO `statistics_daily` VALUES ('1436', '2018-09-29', 718, 32, 1, 14, '2018-01-25 06:38:20', '2019-09-09 12:12:12');
INSERT INTO `statistics_daily` VALUES ('1437', '2018-09-30', 719, 32, 290, 14, '2018-01-25 06:38:20', '2019-09-09 12:12:12');
INSERT INTO `statistics_daily` VALUES ('1438', '2018-10-01', 719, 32, 291, 14, '2018-01-25 06:38:20', '2019-09-09 12:12:12');
INSERT INTO `statistics_daily` VALUES ('1439', '2018-10-02', 720, 32, 291, 14, '2018-01-25 06:38:20', '2019-09-09 12:12:12');
INSERT INTO `statistics_daily` VALUES ('1440', '2018-10-03', 720, 32, 291, 14, '2018-01-25 06:38:20', '2019-09-09 12:12:12');
INSERT INTO `statistics_daily` VALUES ('1441', '2018-10-04', 721, 32, 291, 14, '2018-01-25 06:38:20', '2019-09-09 12:12:12');
INSERT INTO `statistics_daily` VALUES ('1442', '2018-10-05', 721, 32, 291, 14, '2018-01-25 06:38:20', '2019-09-09 12:12:12');
INSERT INTO `statistics_daily` VALUES ('1443', '2018-10-06', 722, 32, 292, 14, '2018-01-25 06:38:20', '2019-09-09 12:12:12');
INSERT INTO `statistics_daily` VALUES ('1444', '2018-10-07', 722, 32, 292, 14, '2018-01-25 06:38:20', '2019-09-09 12:12:12');
INSERT INTO `statistics_daily` VALUES ('1445', '2018-10-08', 1, 32, 292, 14, '2018-01-25 06:38:20', '2019-09-09 12:12:12');
INSERT INTO `statistics_daily` VALUES ('1446', '2018-10-09', 723, 32, 292, 14, '2018-01-25 06:38:20', '2019-09-09 12:12:12');
INSERT INTO `statistics_daily` VALUES ('1447', '2018-10-10', 724, 32, 292, 14, '2018-01-25 06:38:20', '2019-09-09 12:12:12');
INSERT INTO `statistics_daily` VALUES ('1448', '2018-10-11', 724, 32, 293, 14, '2018-01-25 06:38:20', '2019-09-09 12:12:12');
INSERT INTO `statistics_daily` VALUES ('1449', '2018-10-12', 725, 32, 293, 14, '2018-01-25 06:38:20', '2019-09-09 12:12:12');
INSERT INTO `statistics_daily` VALUES ('1450', '2018-10-13', 725, 32, 293, 14, '2018-01-25 06:38:20', '2019-09-09 12:12:12');
INSERT INTO `statistics_daily` VALUES ('1451', '2018-10-14', 726, 32, 4, 14, '2018-01-25 06:38:20', '2019-09-09 12:12:12');
INSERT INTO `statistics_daily` VALUES ('1452', '2018-10-15', 726, 32, 293, 14, '2018-01-25 06:38:20', '2019-09-09 12:12:12');
INSERT INTO `statistics_daily` VALUES ('1453', '2018-10-16', 727, 32, 294, 14, '2018-01-25 06:38:20', '2019-09-09 12:12:12');
INSERT INTO `statistics_daily` VALUES ('1454', '2018-10-17', 727, 32, 294, 14, '2018-01-25 06:38:20', '2019-09-09 12:12:12');
INSERT INTO `statistics_daily` VALUES ('1455', '2018-10-18', 728, 32, 294, 14, '2018-01-25 06:38:20', '2019-09-09 12:12:12');
INSERT INTO `statistics_daily` VALUES ('1456', '2018-10-19', 728, 32, 294, 14, '2018-01-25 06:38:20', '2019-09-09 12:12:12');
INSERT INTO `statistics_daily` VALUES ('1457', '2018-10-20', 729, 32, 294, 14, '2018-01-25 06:38:20', '2019-09-09 12:12:12');
INSERT INTO `statistics_daily` VALUES ('1458', '2018-10-21', 729, 32, 295, 14, '2018-01-25 06:38:20', '2019-09-09 12:12:12');
INSERT INTO `statistics_daily` VALUES ('1459', '2018-10-22', 730, 32, 1, 14, '2018-01-25 06:38:20', '2019-09-09 12:12:12');
INSERT INTO `statistics_daily` VALUES ('1460', '2018-10-23', 730, 32, 295, 14, '2018-01-25 06:38:20', '2019-09-09 12:12:12');
INSERT INTO `statistics_daily` VALUES ('1461', '2018-10-24', 731, 32, 295, 14, '2018-01-25 06:38:20', '2019-09-09 12:12:12');
INSERT INTO `statistics_daily` VALUES ('1462', '2018-10-25', 731, 32, 295, 14, '2018-01-25 06:38:20', '2019-09-09 12:12:12');
INSERT INTO `statistics_daily` VALUES ('1463', '2018-10-26', 732, 32, 296, 14, '2018-01-25 06:38:20', '2019-09-09 12:12:12');
INSERT INTO `statistics_daily` VALUES ('1464', '2018-10-27', 732, 32, 296, 14, '2018-01-25 06:38:20', '2019-09-09 12:12:12');
INSERT INTO `statistics_daily` VALUES ('1465', '2018-10-28', 733, 32, 296, 14, '2018-01-25 06:38:20', '2019-09-09 12:12:12');
INSERT INTO `statistics_daily` VALUES ('1466', '2018-10-29', 2, 32, 3, 14, '2018-01-25 06:38:20', '2019-09-09 12:12:12');
INSERT INTO `statistics_daily` VALUES ('1467', '2018-10-30', 734, 32, 296, 14, '2018-01-25 06:38:20', '2019-09-09 12:12:12');
INSERT INTO `statistics_daily` VALUES ('1468', '2018-10-31', 734, 32, 297, 14, '2018-01-25 06:38:20', '2019-09-09 12:12:12');
INSERT INTO `statistics_daily` VALUES ('1469', '2018-11-01', 735, 32, 297, 14, '2018-01-25 06:38:20', '2019-09-09 12:12:12');
INSERT INTO `statistics_daily` VALUES ('1470', '2018-11-02', 735, 32, 297, 14, '2018-01-25 06:38:20', '2019-09-09 12:12:12');
INSERT INTO `statistics_daily` VALUES ('1471', '2018-11-03', 1, 32, 297, 14, '2018-01-25 06:38:20', '2019-09-09 12:12:12');
INSERT INTO `statistics_daily` VALUES ('1472', '2018-11-04', 736, 32, 1, 14, '2018-01-25 06:38:20', '2019-09-09 12:12:12');
INSERT INTO `statistics_daily` VALUES ('1473', '2018-11-05', 737, 32, 298, 14, '2018-01-25 06:38:20', '2019-09-09 12:12:12');
INSERT INTO `statistics_daily` VALUES ('1474', '2018-11-06', 737, 32, 298, 14, '2018-01-25 06:38:20', '2019-09-09 12:12:12');
INSERT INTO `statistics_daily` VALUES ('1475', '2018-11-07', 738, 33, 298, 14, '2018-01-25 06:38:20', '2019-09-09 12:12:12');
INSERT INTO `statistics_daily` VALUES ('1476', '2018-11-08', 738, 33, 169, 14, '2018-01-25 06:38:20', '2019-09-09 12:12:12');
INSERT INTO `statistics_daily` VALUES ('1477', '2018-11-09', 1, 33, 298, 14, '2018-01-25 06:38:20', '2019-09-09 12:12:12');
INSERT INTO `statistics_daily` VALUES ('1478', '2018-11-10', 739, 33, 78, 14, '2018-01-25 06:38:20', '2019-09-09 12:12:12');
INSERT INTO `statistics_daily` VALUES ('1479', '2018-11-11', 740, 33, 299, 14, '2018-01-25 06:38:20', '2019-09-09 12:12:12');
INSERT INTO `statistics_daily` VALUES ('1480', '2018-11-12', 740, 33, 299, 14, '2018-01-25 06:38:20', '2019-09-09 12:12:12');
INSERT INTO `statistics_daily` VALUES ('1481', '2018-11-13', 741, 33, 299, 14, '2018-01-25 06:38:20', '2019-09-09 12:12:12');
INSERT INTO `statistics_daily` VALUES ('1482', '2018-11-14', 741, 33, 299, 14, '2018-01-25 06:38:20', '2019-09-09 12:12:12');
INSERT INTO `statistics_daily` VALUES ('1483', '2018-11-15', 742, 33, 300, 14, '2018-01-25 06:38:20', '2019-09-09 12:12:12');
INSERT INTO `statistics_daily` VALUES ('1484', '2018-11-16', 742, 33, 35, 14, '2018-01-25 06:38:20', '2019-09-09 12:12:12');
INSERT INTO `statistics_daily` VALUES ('1485', '2018-11-17', 743, 33, 300, 14, '2018-01-25 06:38:20', '2019-09-09 12:12:12');
INSERT INTO `statistics_daily` VALUES ('1486', '2018-11-18', 743, 33, 300, 14, '2018-01-25 06:38:20', '2019-09-09 12:12:12');
INSERT INTO `statistics_daily` VALUES ('1487', '2018-11-19', 744, 33, 300, 14, '2018-01-25 06:38:20', '2019-09-09 12:12:12');
INSERT INTO `statistics_daily` VALUES ('1488', '2018-11-20', 744, 33, 301, 14, '2018-01-25 06:38:20', '2019-09-09 12:12:12');
INSERT INTO `statistics_daily` VALUES ('1489', '2018-11-21', 745, 33, 234, 14, '2018-01-25 06:38:20', '2019-09-09 12:12:12');
INSERT INTO `statistics_daily` VALUES ('1490', '2018-11-22', 456, 33, 301, 14, '2018-01-25 06:38:20', '2019-09-09 12:12:12');
INSERT INTO `statistics_daily` VALUES ('1491', '2018-11-23', 746, 33, 301, 14, '2018-01-25 06:38:20', '2019-09-09 12:12:12');
INSERT INTO `statistics_daily` VALUES ('1492', '2018-11-24', 746, 33, 301, 14, '2018-01-25 06:38:20', '2019-09-09 12:12:12');
INSERT INTO `statistics_daily` VALUES ('1493', '2018-11-25', 747, 33, 302, 14, '2018-01-25 06:38:20', '2019-09-09 12:12:12');
INSERT INTO `statistics_daily` VALUES ('1494', '2018-11-26', 747, 4, 302, 14, '2018-01-25 06:38:20', '2019-09-09 12:12:12');
INSERT INTO `statistics_daily` VALUES ('1495', '2018-11-27', 748, 33, 302, 14, '2018-01-25 06:38:20', '2019-09-09 12:12:12');
INSERT INTO `statistics_daily` VALUES ('1496', '2018-11-28', 748, 33, 36, 14, '2018-01-25 06:38:20', '2019-09-09 12:12:12');
INSERT INTO `statistics_daily` VALUES ('1497', '2018-11-29', 749, 33, 302, 2, '2018-01-25 06:38:20', '2019-09-09 12:12:12');
INSERT INTO `statistics_daily` VALUES ('1498', '2018-11-30', 749, 3, 303, 14, '2018-01-25 06:38:20', '2019-09-09 12:12:12');
INSERT INTO `statistics_daily` VALUES ('1499', '2018-12-01', 750, 33, 303, 14, '2018-01-25 06:38:20', '2019-09-09 12:12:12');
INSERT INTO `statistics_daily` VALUES ('1500', '2018-12-02', 234, 33, 303, 14, '2018-01-25 06:38:20', '2019-09-09 12:12:12');
INSERT INTO `statistics_daily` VALUES ('1501', '2018-12-03', 751, 33, 303, 14, '2018-01-25 06:38:20', '2019-09-09 12:12:12');
INSERT INTO `statistics_daily` VALUES ('1502', '2018-12-04', 751, 33, 303, 14, '2018-01-25 06:38:20', '2019-09-09 12:12:12');
INSERT INTO `statistics_daily` VALUES ('1503', '2018-12-05', 752, 6, 304, 33, '2018-01-25 06:38:20', '2019-09-09 12:12:12');
INSERT INTO `statistics_daily` VALUES ('1505', '2018-12-07', 753, 33, 55, 14, '2018-01-25 06:38:20', '2019-09-09 12:12:12');
INSERT INTO `statistics_daily` VALUES ('1506', '2018-12-08', 753, 33, 304, 14, '2018-01-25 06:38:20', '2019-09-09 12:12:12');
INSERT INTO `statistics_daily` VALUES ('1507', '2018-12-09', 754, 33, 304, 14, '2018-01-25 06:38:20', '2019-09-09 12:12:12');
INSERT INTO `statistics_daily` VALUES ('1508', '2018-12-10', 754, 1, 305, 14, '2018-01-25 06:38:20', '2019-09-09 12:12:12');
INSERT INTO `statistics_daily` VALUES ('1509', '2018-12-11', 755, 33, 305, 14, '2018-01-25 06:38:20', '2019-09-09 12:12:12');
INSERT INTO `statistics_daily` VALUES ('1510', '2018-12-12', 755, 33, 305, 14, '2018-01-25 06:38:20', '2019-09-09 12:12:12');
INSERT INTO `statistics_daily` VALUES ('1511', '2018-12-13', 756, 33, 305, 14, '2018-01-25 06:38:20', '2019-09-09 12:12:12');
INSERT INTO `statistics_daily` VALUES ('1512', '2018-12-14', 366, 33, 305, 14, '2018-01-25 06:38:20', '2019-09-09 12:12:12');
INSERT INTO `statistics_daily` VALUES ('1513', '2018-12-15', 757, 33, 66, 14, '2018-01-25 06:38:20', '2019-09-09 12:12:12');
INSERT INTO `statistics_daily` VALUES ('1514', '2018-12-16', 757, 33, 306, 14, '2018-01-25 06:38:20', '2019-09-09 12:12:12');
INSERT INTO `statistics_daily` VALUES ('1515', '2018-12-17', 758, 33, 306, 14, '2018-01-25 06:38:20', '2019-09-09 12:12:12');
INSERT INTO `statistics_daily` VALUES ('1516', '2018-12-18', 758, 2, 306, 14, '2018-01-25 06:38:20', '2019-09-09 12:12:12');
INSERT INTO `statistics_daily` VALUES ('1517', '2018-12-19', 759, 33, 306, 14, '2018-01-25 06:38:20', '2019-09-09 12:12:12');
INSERT INTO `statistics_daily` VALUES ('1518', '2018-12-20', 564, 33, 307, 14, '2018-01-25 06:38:20', '2019-09-09 12:12:12');
INSERT INTO `statistics_daily` VALUES ('1519', '2018-12-21', 760, 33, 307, 14, '2018-01-25 06:38:20', '2019-09-09 12:12:12');
INSERT INTO `statistics_daily` VALUES ('1520', '2018-12-22', 760, 33, 307, 14, '2018-01-25 06:38:20', '2019-09-09 12:12:12');
INSERT INTO `statistics_daily` VALUES ('1521', '2018-12-23', 761, 33, 307, 14, '2018-01-25 06:38:20', '2019-09-09 12:12:12');
INSERT INTO `statistics_daily` VALUES ('1522', '2018-12-24', 761, 33, 307, 14, '2018-01-25 06:38:20', '2019-09-09 12:12:12');
INSERT INTO `statistics_daily` VALUES ('1527', '2018-12-29', 764, 34, 308, 14, '2018-01-25 06:38:20', '2019-09-09 12:12:12');
INSERT INTO `statistics_daily` VALUES ('1528', '2018-12-30', 764, 34, 309, 14, '2018-01-25 06:38:20', '2019-09-09 12:12:12');
INSERT INTO `statistics_daily` VALUES ('1529', '2018-12-31', 765, 34, 309, 14, '2018-01-25 06:38:20', '2019-09-09 12:12:12');
INSERT INTO `statistics_daily` VALUES ('1554', '2018-01-01', 333, 34, 314, 14, '2018-02-02 08:58:31', '2019-09-09 12:12:12');
INSERT INTO `statistics_daily` VALUES ('1555', '2018-01-02', 778, 34, 314, 14, '2018-02-02 08:58:31', '2019-09-09 12:12:12');
INSERT INTO `statistics_daily` VALUES ('1556', '2018-01-03', 778, 34, 314, 14, '2018-02-02 08:58:31', '2019-09-09 12:12:12');
INSERT INTO `statistics_daily` VALUES ('1557', '2018-01-04', 779, 34, 314, 14, '2018-02-02 08:58:31', '2019-09-09 12:12:12');
INSERT INTO `statistics_daily` VALUES ('1558', '2018-01-05', 779, 34, 315, 14, '2018-02-02 08:58:31', '2019-09-09 12:12:12');
INSERT INTO `statistics_daily` VALUES ('1559', '2018-01-06', 780, 34, 315, 14, '2018-02-02 08:58:31', '2019-09-09 12:12:12');
INSERT INTO `statistics_daily` VALUES ('1560', '2018-01-07', 780, 34, 315, 14, '2018-02-02 08:58:31', '2019-09-09 12:12:12');
INSERT INTO `statistics_daily` VALUES ('1561', '2018-01-08', 781, 34, 315, 14, '2018-02-02 08:58:31', '2019-09-09 12:12:12');
INSERT INTO `statistics_daily` VALUES ('1562', '2018-01-09', 781, 34, 315, 14, '2018-02-02 08:58:31', '2019-09-09 12:12:12');
INSERT INTO `statistics_daily` VALUES ('1563', '2018-01-10', 782, 34, 316, 14, '2018-02-02 08:58:31', '2019-09-09 12:12:12');
INSERT INTO `statistics_daily` VALUES ('1564', '2018-01-11', 782, 34, 316, 14, '2018-02-02 08:58:31', '2019-09-09 12:12:12');
INSERT INTO `statistics_daily` VALUES ('1565', '2018-01-12', 783, 34, 316, 14, '2018-02-02 08:58:31', '2019-09-09 12:12:12');
INSERT INTO `statistics_daily` VALUES ('1566', '2018-01-13', 783, 34, 316, 14, '2018-02-02 08:58:31', '2019-09-09 12:12:12');
INSERT INTO `statistics_daily` VALUES ('1567', '2018-01-14', 784, 34, 316, 14, '2018-02-02 08:58:31', '2019-09-09 12:12:12');
INSERT INTO `statistics_daily` VALUES ('1568', '2018-01-15', 784, 34, 317, 14, '2018-02-02 08:58:31', '2019-09-09 12:12:12');
INSERT INTO `statistics_daily` VALUES ('1569', '2018-01-16', 23, 34, 317, 14, '2018-02-02 08:58:31', '2019-09-09 12:12:12');
INSERT INTO `statistics_daily` VALUES ('1570', '2018-01-17', 785, 34, 317, 14, '2018-02-02 08:58:31', '2019-09-09 12:12:12');
INSERT INTO `statistics_daily` VALUES ('1571', '2018-01-18', 786, 34, 317, 14, '2018-02-02 08:58:31', '2019-09-09 12:12:12');
INSERT INTO `statistics_daily` VALUES ('1572', '2018-01-19', 786, 34, 317, 14, '2018-02-02 08:58:31', '2019-09-09 12:12:12');
INSERT INTO `statistics_daily` VALUES ('1573', '2018-01-20', 787, 2, 318, 14, '2018-02-02 08:58:31', '2019-09-09 12:12:12');
INSERT INTO `statistics_daily` VALUES ('1574', '2018-01-21', 787, 2, 318, 14, '2018-02-02 08:58:31', '2019-09-09 12:12:12');
INSERT INTO `statistics_daily` VALUES ('1575', '2018-01-22', 788, 1, 318, 14, '2018-02-02 08:58:31', '2019-09-09 12:12:12');
INSERT INTO `statistics_daily` VALUES ('1576', '2018-01-23', 788, 35, 318, 14, '2018-02-02 08:58:31', '2019-09-09 12:12:12');
INSERT INTO `statistics_daily` VALUES ('1577', '2018-01-24', 789, 35, 318, 14, '2018-02-02 08:58:31', '2019-09-09 12:12:12');
INSERT INTO `statistics_daily` VALUES ('1578', '2018-01-25', 789, 1, 319, 14, '2018-02-02 08:58:31', '2019-09-09 12:12:12');
INSERT INTO `statistics_daily` VALUES ('1579', '2018-01-26', 790, 1, 319, 14, '2018-02-02 08:58:31', '2019-09-09 12:12:12');
INSERT INTO `statistics_daily` VALUES ('1580', '2018-01-27', 531, 2, 319, 14, '2018-02-02 08:58:31', '2019-09-09 12:12:12');
INSERT INTO `statistics_daily` VALUES ('1581', '2018-01-28', 791, 2, 319, 14, '2018-02-02 08:58:31', '2019-09-09 12:12:12');
INSERT INTO `statistics_daily` VALUES ('1582', '2018-01-29', 791, 2, 319, 14, '2018-02-02 08:58:31', '2019-09-09 12:12:12');
INSERT INTO `statistics_daily` VALUES ('1583', '2018-01-30', 2, 4, 2, 14, '2018-02-02 08:58:31', '2019-09-09 12:12:12');
INSERT INTO `statistics_daily` VALUES ('1584', '2018-01-31', 792, 35, 320, 14, '2018-02-02 08:58:31', '2019-09-09 12:12:12');
INSERT INTO `statistics_daily` VALUES ('1586', '2018-02-01', 793, 4, 3, 14, '2018-02-25 10:54:34', '2019-09-09 12:12:12');
INSERT INTO `statistics_daily` VALUES ('1587', '2018-02-02', 794, 2, 1, 14, '2018-02-25 10:54:34', '2019-09-09 12:12:12');
INSERT INTO `statistics_daily` VALUES ('1588', '2018-02-03', 794, 1, 4, 14, '2018-02-25 10:54:34', '2019-09-09 12:12:12');
INSERT INTO `statistics_daily` VALUES ('1589', '2018-02-04', 795, 35, 321, 14, '2018-02-25 10:54:34', '2019-09-09 12:12:12');
INSERT INTO `statistics_daily` VALUES ('1590', '2018-02-05', 795, 35, 321, 14, '2018-02-25 10:54:34', '2019-09-09 12:12:12');
INSERT INTO `statistics_daily` VALUES ('1591', '2018-02-06', 796, 35, 321, 14, '2018-02-25 10:54:34', '2019-09-09 12:12:12');
INSERT INTO `statistics_daily` VALUES ('1592', '2018-02-07', 796, 35, 321, 14, '2018-02-25 10:54:34', '2019-09-09 12:12:12');
INSERT INTO `statistics_daily` VALUES ('1593', '2018-02-08', 797, 35, 322, 14, '2018-02-25 10:54:34', '2019-09-09 12:12:12');
INSERT INTO `statistics_daily` VALUES ('1594', '2018-02-09', 797, 35, 322, 14, '2018-02-25 10:54:34', '2019-09-09 12:12:12');
INSERT INTO `statistics_daily` VALUES ('1595', '2018-02-10', 99, 35, 322, 14, '2018-02-25 10:54:34', '2019-09-09 12:12:12');
INSERT INTO `statistics_daily` VALUES ('1596', '2018-02-11', 798, 35, 322, 14, '2018-02-25 10:54:34', '2019-09-09 12:12:12');
INSERT INTO `statistics_daily` VALUES ('1597', '2018-02-12', 799, 35, 322, 14, '2018-02-25 10:54:34', '2019-09-09 12:12:12');
INSERT INTO `statistics_daily` VALUES ('1598', '2018-02-13', 799, 35, 323, 14, '2018-02-25 10:54:34', '2019-09-09 12:12:12');
INSERT INTO `statistics_daily` VALUES ('1599', '2018-02-14', 800, 35, 323, 14, '2018-02-25 10:54:34', '2019-09-09 12:12:12');
INSERT INTO `statistics_daily` VALUES ('1600', '2018-02-15', 800, 35, 323, 14, '2018-02-25 10:54:34', '2019-09-09 12:12:12');
INSERT INTO `statistics_daily` VALUES ('1601', '2018-02-16', 89, 35, 90, 14, '2018-02-25 10:54:34', '2019-09-09 12:12:12');
INSERT INTO `statistics_daily` VALUES ('1602', '2018-02-17', 801, 35, 323, 14, '2018-02-25 10:54:34', '2019-09-09 12:12:12');
INSERT INTO `statistics_daily` VALUES ('1603', '2018-02-18', 802, 23, 324, 14, '2018-02-25 10:54:34', '2019-09-09 12:12:12');
INSERT INTO `statistics_daily` VALUES ('1604', '2018-02-19', 802, 2, 324, 14, '2018-02-25 10:54:34', '2019-09-09 12:12:12');
INSERT INTO `statistics_daily` VALUES ('1605', '2018-02-20', 803, 56, 324, 14, '2018-02-25 10:54:34', '2019-09-09 12:12:12');
INSERT INTO `statistics_daily` VALUES ('1606', '2018-02-21', 45, 35, 89, 14, '2018-02-25 10:54:34', '2019-09-09 12:12:12');
INSERT INTO `statistics_daily` VALUES ('1607', '2018-02-22', 804, 35, 324, 14, '2018-02-25 10:54:34', '2019-09-09 12:12:12');
INSERT INTO `statistics_daily` VALUES ('1608', '2018-02-23', 804, 35, 325, 14, '2018-02-25 10:54:34', '2019-09-09 12:12:12');
INSERT INTO `statistics_daily` VALUES ('1609', '2018-02-24', 805, 1, 3, 14, '2018-02-25 10:54:34', '2019-09-09 12:12:12');
INSERT INTO `statistics_daily` VALUES ('1610', '2018-05-15', 0, 0, 0, 7, '2018-05-16 00:25:27', '2019-09-09 12:12:12');
INSERT INTO `statistics_daily` VALUES ('1611', '2018-10-01', 0, 0, 0, 7, '2018-10-24 16:17:15', '2019-09-09 12:12:12');
INSERT INTO `statistics_daily` VALUES ('1612', '2018-10-02', 0, 0, 0, 7, '2018-10-24 16:17:15', '2019-09-09 12:12:12');
INSERT INTO `statistics_daily` VALUES ('1613', '2018-10-03', 0, 0, 0, 7, '2018-10-24 16:17:15', '2019-09-09 12:12:12');
INSERT INTO `statistics_daily` VALUES ('1614', '2018-10-04', 0, 0, 0, 7, '2018-10-24 16:17:15', '2019-09-09 12:12:12');
INSERT INTO `statistics_daily` VALUES ('1615', '2018-10-05', 0, 0, 0, 7, '2018-10-24 16:17:15', '2019-09-09 12:12:12');

-- ----------------------------
-- Table structure for t_order
-- ----------------------------
DROP TABLE IF EXISTS `t_order`;
CREATE TABLE `t_order`  (
  `id` char(19) CHARACTER SET utf8mb4 COLLATE utf8mb4_general_ci NOT NULL DEFAULT '',
  `order_no` varchar(20) CHARACTER SET utf8mb4 COLLATE utf8mb4_general_ci NOT NULL DEFAULT '' COMMENT '订单号',
  `course_id` varchar(19) CHARACTER SET utf8mb4 COLLATE utf8mb4_general_ci NOT NULL DEFAULT '' COMMENT '课程id',
  `course_title` varchar(100) CHARACTER SET utf8mb4 COLLATE utf8mb4_general_ci NULL DEFAULT NULL COMMENT '课程名称',
  `course_cover` varchar(255) CHARACTER SET utf8mb4 COLLATE utf8mb4_general_ci NULL DEFAULT NULL COMMENT '课程封面',
  `teacher_name` varchar(20) CHARACTER SET utf8mb4 COLLATE utf8mb4_general_ci NULL DEFAULT NULL COMMENT '讲师名称',
  `member_id` varchar(19) CHARACTER SET utf8mb4 COLLATE utf8mb4_general_ci NOT NULL DEFAULT '' COMMENT '会员id',
  `nickname` varchar(50) CHARACTER SET utf8mb4 COLLATE utf8mb4_general_ci NULL DEFAULT NULL COMMENT '会员昵称',
  `mobile` varchar(11) CHARACTER SET utf8mb4 COLLATE utf8mb4_general_ci NULL DEFAULT NULL COMMENT '会员手机',
  `total_fee` decimal(10, 2) NULL DEFAULT 0.01 COMMENT '订单金额（分）',
  `pay_type` tinyint(3) NULL DEFAULT NULL COMMENT '支付类型（1：微信 2：支付宝）',
  `status` tinyint(3) NULL DEFAULT NULL COMMENT '订单状态（0：未支付 1：已支付）',
  `is_deleted` tinyint(1) UNSIGNED NOT NULL DEFAULT 0 COMMENT '逻辑删除 1（true）已删除， 0（false）未删除',
  `gmt_create` datetime(0) NOT NULL COMMENT '创建时间',
  `gmt_modified` datetime(0) NOT NULL COMMENT '更新时间',
  PRIMARY KEY (`id`) USING BTREE,
  UNIQUE INDEX `ux_order_no`(`order_no`) USING BTREE,
  INDEX `idx_course_id`(`course_id`) USING BTREE,
  INDEX `idx_member_id`(`member_id`) USING BTREE
) ENGINE = InnoDB CHARACTER SET = utf8mb4 COLLATE = utf8mb4_general_ci COMMENT = '订单' ROW_FORMAT = DYNAMIC;

-- ----------------------------
-- Records of t_order
-- ----------------------------
INSERT INTO `t_order` VALUES ('1320550119129698306', '20201026101737238', '1310063843804942337', '五年级奥数', 'https://edu-wyw.oss-cn-beijing.aliyuncs.com/2020/10/15/2851a86268cf47eeb15b46e9784485f3奥数五年级.jpg', '王二', '1314231375449284610', 'naumy', '18877165134', 0.01, 1, 1, 0, '2020-10-26 10:17:38', '2020-10-26 10:17:46');
INSERT INTO `t_order` VALUES ('1320550119129698388', '13470674952384458', '1316650830611562498', '五年级奥数', 'https://edu-wyw.oss-cn-beijing.aliyuncs.com/2020/10/15/e9da55d502d54b668e0132f13fcecfa2四年级.jpg', '李刚', '12334556', '孙骁骁', '17458965233', 0.01, 0, 0, 0, '2021-01-13 19:44:17', '2021-01-23 19:44:20');
INSERT INTO `t_order` VALUES ('1320592459923959809', '20201026130552295', '1314032816657506305', '一年级趣味数学', 'https://edu-wyw.oss-cn-beijing.aliyuncs.com/2020/10/15/7bbe64a57c454ef7833a448de2d76ccd趣味数学.jpg', '李刚', '1314231375449284610', 'naumy', '18877165134', 0.01, 1, 1, 0, '2020-10-26 13:05:53', '2020-10-26 13:05:54');
INSERT INTO `t_order` VALUES ('1321337117276844034', '20201028142452196', '1316648058344390658', '四年级趣味数学', 'https://edu-wyw.oss-cn-beijing.aliyuncs.com/2020/10/15/e9da55d502d54b668e0132f13fcecfa2四年级.jpg', '李章', '1314231375449284610', 'naumy', '18877165134', 88.00, 1, 1, 0, '2020-10-28 14:24:53', '2020-10-28 14:24:54');
INSERT INTO `t_order` VALUES ('1347067495237867819', '13470674955645485', '1316650830611562498', '五年级奥数', 'https://edu-wyw.oss-cn-beijing.aliyuncs.com/2020/10/15/e9da55d502d54b668e0132f13fcecfa2四年级.jpg', '李刚', '12334556', '温馨馨', '15687689845', 0.01, 0, 0, 0, '2021-01-20 19:47:06', '2021-01-13 19:47:09');
INSERT INTO `t_order` VALUES ('1347067495238434489', '13470674954685456', '1316650830611562498', '五年级奥数', 'https://edu-wyw.oss-cn-beijing.aliyuncs.com/2020/10/15/e9da55d502d54b668e0132f13fcecfa2四年级.jpg', '李刚', '12334556', 'naumy', '15687689845', 0.01, 0, 0, 0, '2023-02-07 19:47:47', '2021-01-12 19:47:51');
INSERT INTO `t_order` VALUES ('1347067495238434817', '20210107142812954', '1316650830611562498', '五年级趣味数学', 'https://edu-wyw.oss-cn-beijing.aliyuncs.com/2020/10/15/cbe65ae9d1644d328f45eac7864ce32b趣味数学五.jpg', '王五', '1314231375449284610', 'naumy', '18877165134', 55.00, 1, 1, 0, '2021-01-07 14:28:13', '2021-01-07 14:28:17');
INSERT INTO `t_order` VALUES ('1347067495238434818', '13470674952384349', '1316650830611562498', '五年级奥数', 'https://edu-wyw.oss-cn-beijing.aliyuncs.com/2020/10/15/e9da55d502d54b668e0132f13fcecfa2四年级.jpg', '李刚', '12334556', '孙骁骁', '17458965233', 0.01, 0, 0, 0, '2020-11-19 19:42:57', '2020-11-24 19:43:03');
INSERT INTO `t_order` VALUES ('1347067495238434819', '13470674952384348', '1316650830611562498', '五年级奥数', 'https://edu-wyw.oss-cn-beijing.aliyuncs.com/2020/10/15/e9da55d502d54b668e0132f13fcecfa2四年级.jpg', '李刚', '12334556', '孙骁骁', '17458965233', 0.01, 0, 0, 0, '2017-06-21 19:43:25', '2021-01-21 19:43:32');
INSERT INTO `t_order` VALUES ('1347067495238434821', '13470674952384487', '1316650830611562498', '五年级奥数', 'https://edu-wyw.oss-cn-beijing.aliyuncs.com/2020/10/15/e9da55d502d54b668e0132f13fcecfa2四年级.jpg', '李刚', '12334556', '孙骁骁', '17458965233', 0.01, 0, 0, 0, '2020-11-18 19:44:56', '2021-01-26 19:45:00');
INSERT INTO `t_order` VALUES ('1347067495238487878', '13470674458777879', '1316650830611562498', '五年级奥数', 'https://edu-wyw.oss-cn-beijing.aliyuncs.com/2020/10/15/e9da55d502d54b668e0132f13fcecfa2四年级.jpg', '李刚', '12334556', '温馨馨', '17458965233', 0.01, 0, 0, 0, '2021-01-13 19:46:41', '2021-01-20 19:46:44');
INSERT INTO `t_order` VALUES ('1347067495454878819', '13470674448787878', '1316650830611562498', '五年级奥数', 'https://edu-wyw.oss-cn-beijing.aliyuncs.com/2020/10/15/e9da55d502d54b668e0132f13fcecfa2四年级.jpg', '李刚', '12334556', '温馨馨', '17458965233', 0.01, 0, 0, 0, '2020-11-26 19:45:54', '2021-02-03 19:45:58');
INSERT INTO `t_order` VALUES ('1347423787331731458', '20210108140359605', '1314034253835771906', '一年级数学新授课', 'https://edu-wyw.oss-cn-beijing.aliyuncs.com/2020/10/15/35173278353d4fb49211dbe93a6ea09f六年级上.jpg', '李换胡', '1347422603288080386', '魏焱文', '18877165134', 0.01, 1, 1, 0, '2021-01-08 14:03:59', '2021-01-08 14:04:07');
INSERT INTO `t_order` VALUES ('1347430983490715649', '20210108143235491', '1347430403183534081', '测试', 'https://edu-wyw.oss-cn-beijing.aliyuncs.com/2021/01/08/1fc3560505be4264a05f73db524cf71c04.jpg', '李刚', '1347422603288080386', '魏焱文', '18877165134', 10.00, 1, 1, 0, '2021-01-08 14:32:35', '2021-01-08 14:32:37');
INSERT INTO `t_order` VALUES ('1348125900923858946', '20210110123356547', '1310063843804942337', '五年级奥数', 'https://edu-wyw.oss-cn-beijing.aliyuncs.com/2020/10/15/2851a86268cf47eeb15b46e9784485f3奥数五年级.jpg', '王二', '1195187659054329857', '孙晓晓', '15908423494', 0.01, 1, 0, 0, '2021-01-10 12:33:56', '2021-01-10 12:33:56');
INSERT INTO `t_order` VALUES ('1348266593734479873', '20210110215300272', '1348262749822566401', '测试', 'https://edu-wyw.oss-cn-beijing.aliyuncs.com/2021/01/10/7c049a2fedee455fa00224005d51376304.jpg', '李刚', '1347422603288080386', '魏焱文', '18877165134', 1.00, 1, 1, 0, '2021-01-10 21:53:00', '2021-01-10 21:53:05');
INSERT INTO `t_order` VALUES ('1348436534643183618', '20210111090817559', '1348436311577473025', '测试', 'https://edu-wyw.oss-cn-beijing.aliyuncs.com/2021/01/11/97130c9fea744da4b1d99aa7164b066epsc.webp.jpg', '李刚', '1191616288114163713', '温馨馨', '18090481396', 2.00, 1, 1, 0, '2021-01-11 09:08:17', '2021-01-11 09:08:20');
INSERT INTO `t_order` VALUES ('1348518096571314178', '20210111143222096', '1316651341846888449', '五年级趣味数学', 'https://edu-wyw.oss-cn-beijing.aliyuncs.com/2020/10/15/137c184280cd4ba19a44374f664d9d52趣味数学.jpg', '李刚', '1191616288114163713', '温馨馨', '18090481396', 1.00, 1, 1, 0, '2021-01-11 14:32:23', '2021-01-11 14:32:25');
INSERT INTO `t_order` VALUES ('5665524545454212345', '13470674952388912', '1316650830611562498', '五年级奥数', 'https://edu-wyw.oss-cn-beijing.aliyuncs.com/2020/10/15/e9da55d502d54b668e0132f13fcecfa2四年级.jpg', '李刚', '12334556', '温馨馨', '17458965233', 0.01, 0, 0, 0, '2020-09-30 19:45:28', '2021-01-22 19:45:35');

-- ----------------------------
-- Table structure for t_pay_log
-- ----------------------------
DROP TABLE IF EXISTS `t_pay_log`;
CREATE TABLE `t_pay_log`  (
  `id` char(19) CHARACTER SET utf8mb4 COLLATE utf8mb4_general_ci NOT NULL DEFAULT '',
  `order_no` varchar(20) CHARACTER SET utf8mb4 COLLATE utf8mb4_general_ci NOT NULL DEFAULT '' COMMENT '订单号',
  `course_id` char(20) CHARACTER SET utf8mb4 COLLATE utf8mb4_general_ci NOT NULL,
  `course_title` varchar(100) CHARACTER SET utf8mb4 COLLATE utf8mb4_general_ci NULL DEFAULT NULL,
  `course_cover` varchar(255) CHARACTER SET utf8mb4 COLLATE utf8mb4_general_ci NULL DEFAULT NULL,
  `teacher_name` varchar(20) CHARACTER SET utf8mb4 COLLATE utf8mb4_general_ci NULL DEFAULT NULL,
  `member_id` char(20) CHARACTER SET utf8mb4 COLLATE utf8mb4_general_ci NOT NULL,
  `pay_time` datetime(0) NOT NULL COMMENT '支付完成时间',
  `total_fee` decimal(10, 2) NULL DEFAULT 0.01 COMMENT '支付金额（分）',
  `trade_state` tinyint(3) NULL DEFAULT NULL COMMENT '交易状态',
  `pay_type` tinyint(3) NOT NULL DEFAULT 0 COMMENT '支付类型（1：微信 2：支付宝）',
  `is_deleted` tinyint(1) UNSIGNED NOT NULL DEFAULT 0 COMMENT '逻辑删除 1（true）已删除， 0（false）未删除',
  `gmt_create` datetime(0) NOT NULL COMMENT '创建时间',
  `gmt_modified` datetime(0) NOT NULL COMMENT '更新时间',
  PRIMARY KEY (`id`) USING BTREE,
  UNIQUE INDEX `uk_order_no`(`order_no`) USING BTREE
) ENGINE = InnoDB CHARACTER SET = utf8mb4 COLLATE = utf8mb4_general_ci COMMENT = '支付日志表' ROW_FORMAT = DYNAMIC;

-- ----------------------------
-- Records of t_pay_log
-- ----------------------------
INSERT INTO `t_pay_log` VALUES ('1320592460116897794', '20201026130552295', '1314032816657506305', '一年级趣味数学', 'https://edu-wyw.oss-cn-beijing.aliyuncs.com/2020/10/15/7bbe64a57c454ef7833a448de2d76ccd趣味数学.jpg', '李刚', '1314231375449284610', '2020-10-26 13:05:53', 0.01, 1, 1, 0, '2020-10-26 13:05:53', '2020-10-26 13:05:54');
INSERT INTO `t_pay_log` VALUES ('1321337117411061761', '20201028142452196', '1316648058344390658', '四年级趣味数学', 'https://edu-wyw.oss-cn-beijing.aliyuncs.com/2020/10/15/e9da55d502d54b668e0132f13fcecfa2四年级.jpg', '李章', '1314231375449284610', '2020-10-28 14:24:53', 88.00, 1, 1, 0, '2020-10-28 14:24:53', '2020-10-28 14:24:54');
INSERT INTO `t_pay_log` VALUES ('1347067495318126593', '20210107142812954', '1316650830611562498', '五年级趣味数学', 'https://edu-wyw.oss-cn-beijing.aliyuncs.com/2020/10/15/cbe65ae9d1644d328f45eac7864ce32b趣味数学五.jpg', '王五', '1314231375449284610', '2021-01-07 14:28:13', 55.00, 1, 1, 0, '2021-01-07 14:28:13', '2021-01-07 14:28:17');
INSERT INTO `t_pay_log` VALUES ('1347144798186340354', '20210107193523125', '1310063843804942337', '五年级奥数', 'https://edu-wyw.oss-cn-beijing.aliyuncs.com/2020/10/15/2851a86268cf47eeb15b46e9784485f3奥数五年级.jpg', '王二', '1191616288114163713', '2021-01-07 19:35:23', 0.01, 1, 1, 0, '2021-01-07 19:35:23', '2021-01-07 19:35:25');
INSERT INTO `t_pay_log` VALUES ('1347423787382063106', '20210108140359605', '1314034253835771906', '一年级数学新授课', 'https://edu-wyw.oss-cn-beijing.aliyuncs.com/2020/10/15/35173278353d4fb49211dbe93a6ea09f六年级上.jpg', '李换胡', '1347422603288080386', '2021-01-08 14:03:59', 0.01, 1, 1, 0, '2021-01-08 14:03:59', '2021-01-08 14:04:07');
INSERT INTO `t_pay_log` VALUES ('1347430983532658690', '20210108143235491', '1347430403183534081', '测试', 'https://edu-wyw.oss-cn-beijing.aliyuncs.com/2021/01/08/1fc3560505be4264a05f73db524cf71c04.jpg', '李刚', '1347422603288080386', '2021-01-08 14:32:35', 10.00, 1, 1, 0, '2021-01-08 14:32:35', '2021-01-08 14:32:37');
INSERT INTO `t_pay_log` VALUES ('1348125901028716546', '20210110123356547', '1310063843804942337', '五年级奥数', 'https://edu-wyw.oss-cn-beijing.aliyuncs.com/2020/10/15/2851a86268cf47eeb15b46e9784485f3奥数五年级.jpg', '王二', '1195187659054329857', '2021-01-10 12:33:56', 0.01, 0, 1, 0, '2021-01-10 12:33:56', '2021-01-10 12:33:56');
INSERT INTO `t_pay_log` VALUES ('1348266593814171650', '20210110215300272', '1348262749822566401', '测试', 'https://edu-wyw.oss-cn-beijing.aliyuncs.com/2021/01/10/7c049a2fedee455fa00224005d51376304.jpg', '李刚', '1347422603288080386', '2021-01-10 21:53:00', 1.00, 1, 1, 0, '2021-01-10 21:53:00', '2021-01-10 21:53:05');
INSERT INTO `t_pay_log` VALUES ('1348436534701903873', '20210111090817559', '1348436311577473025', '测试', 'https://edu-wyw.oss-cn-beijing.aliyuncs.com/2021/01/11/97130c9fea744da4b1d99aa7164b066epsc.webp.jpg', '李刚', '1191616288114163713', '2021-01-11 09:08:17', 2.00, 1, 1, 0, '2021-01-11 09:08:17', '2021-01-11 09:08:20');
INSERT INTO `t_pay_log` VALUES ('1348518096663588865', '20210111143222096', '1316651341846888449', '五年级趣味数学', 'https://edu-wyw.oss-cn-beijing.aliyuncs.com/2020/10/15/137c184280cd4ba19a44374f664d9d52趣味数学.jpg', '李刚', '1191616288114163713', '2021-01-11 14:32:23', 1.00, 1, 1, 0, '2021-01-11 14:32:23', '2021-01-11 14:32:25');

-- ----------------------------
-- Table structure for ucenter_member
-- ----------------------------
DROP TABLE IF EXISTS `ucenter_member`;
CREATE TABLE `ucenter_member`  (
  `id` char(19) CHARACTER SET utf8mb4 COLLATE utf8mb4_general_ci NOT NULL COMMENT '会员id',
  `openid` varchar(128) CHARACTER SET utf8mb4 COLLATE utf8mb4_general_ci NULL DEFAULT NULL COMMENT '微信openid',
  `mobile` varchar(11) CHARACTER SET utf8mb4 COLLATE utf8mb4_general_ci NULL DEFAULT '' COMMENT '手机号',
  `password` varchar(255) CHARACTER SET utf8mb4 COLLATE utf8mb4_general_ci NULL DEFAULT NULL COMMENT '密码',
  `nickname` varchar(50) CHARACTER SET utf8mb4 COLLATE utf8mb4_general_ci NULL DEFAULT NULL COMMENT '昵称',
  `sex` tinyint(2) UNSIGNED NULL DEFAULT NULL COMMENT '性别 1 女，2 男',
  `age` tinyint(3) UNSIGNED NULL DEFAULT NULL COMMENT '年龄',
  `avatar` varchar(255) CHARACTER SET utf8mb4 COLLATE utf8mb4_general_ci NULL DEFAULT NULL COMMENT '用户头像',
  `sign` varchar(100) CHARACTER SET utf8mb4 COLLATE utf8mb4_general_ci NULL DEFAULT NULL COMMENT '用户签名',
  `is_disabled` tinyint(1) NOT NULL DEFAULT 0 COMMENT '是否禁用 1（true）已禁用，  0（false）未禁用',
  `is_deleted` tinyint(1) NOT NULL DEFAULT 0 COMMENT '逻辑删除 1（true）已删除， 0（false）未删除',
  `gmt_create` datetime(0) NOT NULL COMMENT '创建时间',
  `gmt_modified` datetime(0) NOT NULL COMMENT '更新时间',
  PRIMARY KEY (`id`) USING BTREE
) ENGINE = InnoDB CHARACTER SET = utf8mb4 COLLATE = utf8mb4_general_ci COMMENT = '会员表' ROW_FORMAT = DYNAMIC;

-- ----------------------------
-- Records of ucenter_member
-- ----------------------------
INSERT INTO `ucenter_member` VALUES ('1', NULL, '13700000001', '96e79218965eb72c92a549dd5a330112', '小三123', 1, 5, 'http://thirdwx.qlogo.cn/mmopen/vi_32/DYAIOgq83eoj0hHXhgJNOTSOFsS4uZs8x1ConecaVOB8eIl115xmJZcT4oCicvia7wMEufibKtTLqiaJeanU2Lpg3w/132', NULL, 0, 0, '2019-01-01 12:11:33', '2019-11-08 11:56:01');
INSERT INTO `ucenter_member` VALUES ('1080736474267144193', NULL, '13700000011', '96e79218965eb72c92a549dd5a330112', '用户XJtDfaYeKk', 1, 19, 'http://thirdwx.qlogo.cn/mmopen/vi_32/DYAIOgq83eoj0hHXhgJNOTSOFsS4uZs8x1ConecaVOB8eIl115xmJZcT4oCicvia7wMEufibKtTLqiaJeanU2Lpg3w/132', NULL, 0, 0, '2019-01-02 12:12:45', '2019-01-02 12:12:56');
INSERT INTO `ucenter_member` VALUES ('1080736474355224577', NULL, '13700000002', '96e79218965eb72c92a549dd5a330112', '用户wUrNkzAPrc', 1, 27, 'http://thirdwx.qlogo.cn/mmopen/vi_32/DYAIOgq83eoj0hHXhgJNOTSOFsS4uZs8x1ConecaVOB8eIl115xmJZcT4oCicvia7wMEufibKtTLqiaJeanU2Lpg3w/132', NULL, 0, 0, '2019-03-16 15:42:30', '2019-01-02 12:14:07');
INSERT INTO `ucenter_member` VALUES ('1086387099449442306', NULL, '13520191388', '96e79218965eb72c92a549dd5a330112', '用户XTMUeHDAoj', 2, 20, 'http://thirdwx.qlogo.cn/mmopen/vi_32/DYAIOgq83eoj0hHXhgJNOTSOFsS4uZs8x1ConecaVOB8eIl115xmJZcT4oCicvia7wMEufibKtTLqiaJeanU2Lpg3w/132', NULL, 0, 0, '2019-01-19 06:17:23', '2019-01-19 06:17:23');
INSERT INTO `ucenter_member` VALUES ('1086387099520745473', NULL, '13520191389', '96e79218965eb72c92a549dd5a330112', '用户vSdKeDlimn', 1, 21, 'http://thirdwx.qlogo.cn/mmopen/vi_32/DYAIOgq83eoj0hHXhgJNOTSOFsS4uZs8x1ConecaVOB8eIl115xmJZcT4oCicvia7wMEufibKtTLqiaJeanU2Lpg3w/132', NULL, 0, 0, '2019-01-19 06:17:23', '2019-01-19 06:17:23');
INSERT INTO `ucenter_member` VALUES ('1086387099608825858', NULL, '13520191381', '96e79218965eb72c92a549dd5a330112', '用户EoyWUVXQoP', 1, 18, 'http://thirdwx.qlogo.cn/mmopen/vi_32/DYAIOgq83eoj0hHXhgJNOTSOFsS4uZs8x1ConecaVOB8eIl115xmJZcT4oCicvia7wMEufibKtTLqiaJeanU2Lpg3w/132', NULL, 0, 0, '2019-01-19 06:17:23', '2019-01-19 06:17:23');
INSERT INTO `ucenter_member` VALUES ('1086387099701100545', NULL, '13520191382', '96e79218965eb72c92a549dd5a330112', '用户LcAYbxLNdN', 2, 24, 'http://thirdwx.qlogo.cn/mmopen/vi_32/DYAIOgq83eoj0hHXhgJNOTSOFsS4uZs8x1ConecaVOB8eIl115xmJZcT4oCicvia7wMEufibKtTLqiaJeanU2Lpg3w/132', NULL, 0, 0, '2019-01-19 06:17:23', '2019-01-19 06:17:23');
INSERT INTO `ucenter_member` VALUES ('1086387099776598018', NULL, '13520191383', '96e79218965eb72c92a549dd5a330112', '用户dZdjcgltnk', 2, 25, 'http://thirdwx.qlogo.cn/mmopen/vi_32/DYAIOgq83eoj0hHXhgJNOTSOFsS4uZs8x1ConecaVOB8eIl115xmJZcT4oCicvia7wMEufibKtTLqiaJeanU2Lpg3w/132', NULL, 0, 0, '2019-01-19 06:17:23', '2019-01-19 06:17:23');
INSERT INTO `ucenter_member` VALUES ('1086387099852095490', NULL, '13520191384', '96e79218965eb72c92a549dd5a330112', '用户wNHGHlxUwX', 2, 23, 'http://thirdwx.qlogo.cn/mmopen/vi_32/DYAIOgq83eoj0hHXhgJNOTSOFsS4uZs8x1ConecaVOB8eIl115xmJZcT4oCicvia7wMEufibKtTLqiaJeanU2Lpg3w/132', NULL, 0, 0, '2019-01-19 06:17:23', '2019-01-19 06:17:23');
INSERT INTO `ucenter_member` VALUES ('1106746895272849410', 'o1R-t5u2TfEVeVjO9CPGdHPNw-to', NULL, NULL, '檀梵\'', NULL, NULL, 'http://thirdwx.qlogo.cn/mmopen/vi_32/zZfLXcetf2Rpsibq6HbPUWKgWSJHtha9y1XBeaqluPUs6BYicW1FJaVqj7U3ozHd3iaodGKJOvY2PvqYTuCKwpyfQ/132', NULL, 0, 0, '2019-03-16 10:39:57', '2019-03-16 10:39:57');
INSERT INTO `ucenter_member` VALUES ('1106822699956654081', NULL, NULL, NULL, NULL, NULL, NULL, 'http://thirdwx.qlogo.cn/mmopen/vi_32/DYAIOgq83eoj0hHXhgJNOTSOFsS4uZs8x1ConecaVOB8eIl115xmJZcT4oCicvia7wMEufibKtTLqiaJeanU2Lpg3w/132', NULL, 0, 0, '2019-03-16 15:41:10', '2019-03-16 15:41:10');
INSERT INTO `ucenter_member` VALUES ('1106823035660357634', 'o1R-t5i4gENwHYRb5lVFy98Z0bdk', NULL, NULL, 'GaoSir', NULL, NULL, 'http://thirdwx.qlogo.cn/mmopen/vi_32/Q0j4TwGTfTJI53RcCuc1no02os6ZrattWGiazlPnicoZQ59zkS7phNdLEWUPDk8fzoxibAnXV1Sbx0trqXEsGhXPw/132', NULL, 0, 0, '2019-03-16 15:42:30', '2019-03-16 15:42:30');
INSERT INTO `ucenter_member` VALUES ('1106823041599492098', NULL, NULL, NULL, NULL, NULL, NULL, 'http://thirdwx.qlogo.cn/mmopen/vi_32/DYAIOgq83eoj0hHXhgJNOTSOFsS4uZs8x1ConecaVOB8eIl115xmJZcT4oCicvia7wMEufibKtTLqiaJeanU2Lpg3w/132', NULL, 0, 0, '2019-03-16 15:42:32', '2019-03-16 15:42:32');
INSERT INTO `ucenter_member` VALUES ('1106823115788341250', 'o1R-t5l_3rnbZbn4jWwFdy6Gk6cg', NULL, NULL, '换个网名哇、', NULL, NULL, 'http://thirdwx.qlogo.cn/mmopen/vi_32/jJHyeM0EN2jhB70LntI3k8fEKe7W6CwykrKMgDJM4VZqCpcxibVibX397p0vmbKURGkLS4jxjGB0GpZfxCicgt07w/132', NULL, 0, 0, '2019-03-16 15:42:49', '2019-03-16 15:42:49');
INSERT INTO `ucenter_member` VALUES ('1106826046730227714', 'o1R-t5gyxumyBqt0CWcnh0S6Ya1g', NULL, NULL, '我是Helen', NULL, NULL, 'http://thirdwx.qlogo.cn/mmopen/vi_32/Q0j4TwGTfTKDRfib8wy7A2ltERKh4VygxdjVC1x5OaOb1t9hot4JNt5agwaVLdJLcD9vJCNcxkvQnlvLYIPfrZw/132', NULL, 0, 0, '2019-03-16 15:54:28', '2019-03-16 15:54:28');
INSERT INTO `ucenter_member` VALUES ('1106828185829490690', 'o1R-t5nNlou5lRwBVgGNJFm4rbc4', NULL, NULL, ' 虎头', NULL, NULL, 'http://thirdwx.qlogo.cn/mmopen/vi_32/Q0j4TwGTfTKxCqRzuYWQmpwiaqQEjNxbC7WicebicXQusU306jgmfoOzUcFg1qaDq5BStiblwBjw5dUOblQ2gUicQOQ/132', NULL, 0, 0, '2019-03-16 16:02:58', '2019-03-16 16:02:58');
INSERT INTO `ucenter_member` VALUES ('1106830599651442689', 'o1R-t5hZHQB1cbX7HZJsiM727_SA', NULL, NULL, '是吴啊', NULL, NULL, 'http://thirdwx.qlogo.cn/mmopen/vi_32/Q0j4TwGTfTJ9CsqApybcs7f3Dyib9IxIh0sBqJb7LicbjU4WticJFF0PVwFvHgtbFdBwfmk3H2t3NyqmEmVx17tRA/132', NULL, 0, 0, '2019-03-16 16:12:34', '2019-03-16 16:12:34');
INSERT INTO `ucenter_member` VALUES ('1106830976199278593', 'o1R-t5meKOoyEJ3-IhWRCBKFcvzU', NULL, NULL, '我才是Helen', NULL, NULL, 'http://thirdwx.qlogo.cn/mmopen/vi_32/DYAIOgq83epMicP9UT6mVjYWdno0OJZkOXiajG0sllJTbGJ9DYiceej2XvbDSGCK8LCF7jv1PuG2uoYlePWic9XO8A/132', NULL, 0, 0, '2019-03-16 16:14:03', '2019-03-16 16:14:03');
INSERT INTO `ucenter_member` VALUES ('1106831936900415490', 'o1R-t5jXYSWakGtnUBnKbfVT5Iok', NULL, NULL, '文若姬', NULL, NULL, 'http://thirdwx.qlogo.cn/mmopen/vi_32/3HEmJwpSzguqqAyzmBwqT6aicIanswZibEOicQInQJI3ZY1qmu59icJC6N7SahKqWYv24GvX5KH2fibwt0mPWcTJ3fg/132', NULL, 0, 0, '2019-03-16 16:17:52', '2019-03-16 16:17:52');
INSERT INTO `ucenter_member` VALUES ('1106832491064442882', 'o1R-t5sud081Qsa2Vb2xSKgGnf_g', NULL, NULL, 'Peanut', NULL, NULL, 'http://thirdwx.qlogo.cn/mmopen/vi_32/DYAIOgq83eoj0hHXhgJNOTSOFsS4uZs8x1ConecaVOB8eIl115xmJZcT4oCicvia7wMEufibKtTLqiaJeanU2Lpg3w/132', NULL, 0, 0, '2019-03-16 16:20:04', '2019-03-16 16:20:04');
INSERT INTO `ucenter_member` VALUES ('1106833021442510849', 'o1R-t5lsGc3I8P5bDpHj7m_AIRvQ', NULL, NULL, '食物链终结者', NULL, NULL, 'http://thirdwx.qlogo.cn/mmopen/vi_32/MQ7qUmCprK9am16M1Ia1Cs3RK0qiarRrl9y8gsssBjIZeS2GwKSrnq7ZYhmrzuzDwBxSMMAofrXeLic9IBlW4M3Q/132', NULL, 0, 0, '2019-03-16 16:22:11', '2019-03-16 16:22:11');
INSERT INTO `ucenter_member` VALUES ('1191600824445046786', NULL, '15210078344', 'e10adc3949ba59abbe56e057f20f883e', 'IT妖姬', 1, 5, 'http://thirdwx.qlogo.cn/mmopen/vi_32/DYAIOgq83eoj0hHXhgJNOTSOFsS4uZs8x1ConecaVOB8eIl115xmJZcT4oCicvia7wMEufibKtTLqiaJeanU2Lpg3w/132', NULL, 0, 0, '2019-11-05 14:19:10', '2019-11-08 18:04:43');
INSERT INTO `ucenter_member` VALUES ('1191616288114163713', NULL, '18090481396', 'e10adc3949ba59abbe56e057f20f883e', '温馨馨', 1, 0, 'https://edu-wyw.oss-cn-beijing.aliyuncs.com/2021/01/11/eb565661c6ff440886ee5ac089f4263502.jpg', '热爱生活，热爱自己。', 0, 0, '2019-11-05 15:20:37', '2021-01-11 08:52:56');
INSERT INTO `ucenter_member` VALUES ('1195187659054329857', NULL, '15908423494', 'e10adc3949ba59abbe56e057f20f883e', '孙晓晓', 1, 3, 'https://edu-wyw.oss-cn-beijing.aliyuncs.com/2021/01/07/9f6b461e733f4030a5a7247d3e4da8b704.jpg', '别老说减肥，想当年姐最瘦的时候才五斤半！', 0, 0, '2019-11-15 11:51:58', '2021-01-10 22:12:16');

SET FOREIGN_KEY_CHECKS = 1;
